dia_periodico,autor,traductor,titulo,numero_de_tomos,formato,encuadernacion,precio,lugares_de_venta
15/03/1807,,,Memorias,,,,,"Librería de Alonso, frente à las Gradas de San Felipe el Real"
15/03/1807,Manuel Ballesteros,,"Exercicios de Religion, y Piedad, en que se consideran las siete palabras que habló pendiente de la Cruz y Nuestro Redentor Jesu-Christo en las tres horas antes de espirar",,,,,"Librería de Carreño, calle Ancha frente á las Recogidas"
15/03/1807,,,Devotos exercicios para visitar los Sagrarios el Jueves y Viernes Santo,,,,,"Librería de Carreño, calle Ancha frente á las Recogidas"
23/05/1807,J. de la Tyna,,"Almanak del comercio de París, de los Departamentos y de las principales Plazas extrangeras, para el año de 1807",Un volúmen,8.°,rústica,8 francos,
23/05/1807,,,Almanak portátil de los comerciantes de París para el año de 1807,Un volúmen,24,,2 francos,"París, en el Despacho del Diario de comercio"
23/05/1807,F. Gossiux,,Epocas principales de la historia,Un volúmen,8.°,,6 francos,"París, en casa de Bertrand"
15/07/1808,,,Diario de Badajóz del Viérnes 8 de Julio,,,,,Imprenta de este Periódico
15/07/1808,,,Juramento que hacen los Alicantinos de defender á su Rey Fernando VII,,,,,Imprenta de este Periódico
15/07/1808,,,Proclama publicada ultimamente en Zaragoza,,,,,Imprenta de este Periódico
15/07/1808,,,El Verdadero Español,,,,,Imprenta de este Periódico
15/07/1808,,,Carta del Obispo de Orense,,,,,
03/08/1808,,,Caricatura. España rompe las cadenas de la esclavitud en que gemía,,,,,Imprenta de este Periódico
03/08/1808,,,Discurso; que es lo que mas importa à la España?,,,,,Imprenta de este Periódico
03/08/1808,,,Contestacion à dicho Discurso,,,,,Imprenta de este Periódico
22/08/1808,Pedro Pascasio Fernandez,,ALMACEN PATRIOTICO,tres quadernos al mes,octavo,,"12 rs. los subscriptores residentes de esta Ciudad por dos meses, 13 rs. los de fuera de ella pero de la Provincia, 14 rs. los de las demás Provincias","Badajoz se subscribe en la calle de la Soledad núm. 17. En Madrid en la calle de Santiago núm. 42. En Cádiz en la Imprenta de este Periódico; Y en casa de D. Josef Francisco Reviria, Barrio de San Cárlos frente á la muralla núm. 166"
22/08/1808,Juan Bautista Acuaza,,Xi Lo que son Franceses! Discurso declamatorio,,,,,Imprenta de este Periódico
22/08/1808,Juan Bautista Acuaza,,Letrilla satirica la verdad de Extremadura,,,,,Imprenta de este Periódico
22/08/1808,Juan Bautista Acuaza,,Himno Nacional á la entrada de los Exércitos de las Provincias en Madrid,,,,,Imprenta de este Periódico
17/09/1808,,,"La grandeza de España, a la lealtad del Excmo. Señor Conde de Altamira",,,,A real por pliego,la Oficina de este Periódico
17/09/1808,Josef Valdivia y Leg.vien,,"Discurso que pronunció el Señor Don Josef Valdivia y Leg.vien, Corregidor de las Islas de Tenerife y la Palma, al abrirse el Cabildo general que se celebró en los dias 11 y 12 del mes de Julio del presente año",,,,A real por pliego,la Oficina de este Periódico
17/09/1808,,,Profecia del Pirineo,,,,A real por pliego,la Oficina de este Periódico
17/09/1808,,,La confianza religiosa,,,,A real por pliego,la Oficina de este Periódico
17/09/1808,,,"Soneto en honor del mérito y la justicia, al Excmo. Señor D. Josef Palafox",,,,A real por pliego,la Oficina de este Periódico
17/09/1808,,,El Pueblo de Madrid dando gracias a los valerosos Españoles que han destruido a los Franceses,,,,A real por pliego,la Oficina de este Periódico
25/10/1808,un Patriota Portugues,,"Revolucion Francesa y Española, Origen y Progreso de las dos hasta la época presente",,,,,Oficina de este Periódico
12/04/1808,,,Aviso y Bandos posteriores publicados en la Villa y Corte de Madrid el día 2 de Abril de 1808,,,,,"prenta de este Periódico, plazuela de las Tablas"
03/03/1809,,,"Representacion de los Vocales de todos los Barrios de esta Ciudad en nombre de su Vecindario, en virtud de lo ocurrido en los días 22 y 23 de Febrero, y del Bando publicado en dicho dia 23",,,,,Oficina de este periódico
05/06/1809,,,"Tratado definitivo de Paz, amistad y alianza entre S. M. el Rey de España y de las Indias Don Fernando VII, y en su Real nombre la Suprema Junta Central Gubernativa de los Reynos de España y de los de Indias; y S. M. el Rey del Reyno unido de la Gran-Bretaña é Irlanda",,,,,Oficina de este Periódico
05/06/1809,,,"Soneto hecho en debido obsequio al cumple años de Jorge III, Rey de la Gran-Bretaña &c.",,,,,Oficina de este Periódico
19/11/1809,Francisco de Layglesia y Darrac,,Cancion guerrera del soldado español en el campo de batalla,,,,,el despacho de esta oficina
30/11/1809,,,"Aviso al Público de las Réglas, que se han de observar en el modo y esencia del Alistamiento en los Cuerpos de Voluntarios distinguidos de Cádiz",,,,,
30/11/1809,,,Edicto para el aumente de los Batallones Voluntarios distinguidos de esta Plaza,,,,,oficina de este periódico
30/11/1809,,,segundo quaderno del Plutarco,,,,,oficina de este periódico
11/12/1809,,,Manifesto de la Junta Superior de Granada á los habitantes de su Provincia,,,,10 reales,"libreria de D. Luis de Carreras, Málaga"
04/07/1810,,,EL OBSERVADOR,,,,,calle Ancha n.º 133
29/10/1810,J. A.,,Himno a las Cortes,,,,,imprenta de Don Manuel Carreño
04/12/1810,,,Relacion circunstanciada del sitio de Ciudad-Rodrigo,,,,,"despacho de la Gazeta, plazuela del Palillero"
04/12/1810,,,Constitucion de España forjada en Bayona,,,,,"despacho de la Gazeta, plazuela del Palillero"
17/12/1810,Julian de Diego Martin Garcia-Taso de la Vega,,"Tratado de las diferencias de calenturas, su conocimiento, causas y método curativo, que conmunmente se hallan en España y las que suelen acaecer en el exército, para que no se confundan con la voz de tabardillo, y se curen bajo de una misma regla, causando muchos perjuicios á la nación",,,,,"librería de Cerezo, junto al café del Correo"
17/12/1810,,,Don Juan Martin el Empecinado,,,,,"librería de Cerezo, junto al café del Correo"
24/01/1811,,,El Telescopio político n.º 6,,,,,"en Cádiz en el puesto del diario calle Ancha, y en la Isla en la tienda da Bonis calle real esquina á la de las Córtes"
24/01/1811,,,Medios de salvar la Patria,,,,,"en Cádiz calle de San Francisco tienda de Font y Closas; en el despacho del Conciso, calle de la Carne, y en la Isla de Leon en el despacho del Diario mercantil de Cádiz"
03/04/1811,José Fernandez de Castro,,"respuesta que dá D. José Fernandez de Castro, á la exposicion del marques de Sobremonte, virrei que fue de Buenos-Aires, inserta en este diario el 20 de febrero último, baxo la denominacion de artículo com unicado",,,,dos reales,"puestos de este diario, en los del Conciso, y en la plazuela del Palillero"
03/04/1811,,,"Opinion de un Aldeano, impresa antes de la invasion de los enemigos en la Andalucia y de la disolucion de la Central, sobre lo que convenia á la salvacion de la patria",,,,,puesto de este periódico y en el despacho del Conciso calle de la Carne
01/07/1811,,,Guia patriotica de España,,,rustica,26 rs. en rustica,"librerías de Pajares, calle Ancha, de Castillo y de Font, en la de san Francisco de la viuda de Navarro plazuela de san Agustin, de Niel calle del Baluarte; y en la isla de Leon en la de Segovia. Por D. Nicolas Gomez de Requena, Impresor del Gobierno, por S. M., plazuela de las Tablas"
23/07/1811,,,"Apologia de la Inquisicion: repuesta á las reflexiones que hacen contra ella el Semanario Patriótico, número 61 y el periódico titulado el Español, número 13 y breve aviso á los Señores Arzobispos, Obispos y Diputados en Córtes",,,,,"Libreria de Navarro, junto á San Agustin"
05/12/1811,J. y C.,,Los serviles del nuevo periódico,,comedia en un acto,,,los puestos de papeles públicos
28/07/1812,,,"Contestacion del autor del diccionario crítico-burlesco á la primera calificacion de esta obra, expedida por la Junta Censoria de la provincia marítima de Cádiz",,quarto,,12 rs.,librería de Salcedo y puestos de papeles públicos
28/07/1812,,,"Tratado sobre el órden y método que se necesita observar para la justa y legítima inversion de los caudales públicos en los exércitos; útil para las contadurías y tesorerías de campaña, comisarios de guerra y demas empleados en el ramo de hacienda de distribucion",,,,,imprenta real y demás puestos de papeles
19/12/1812,José Maria de Miera Pacheco,,"Discurso que en la villa de Estepa y en su jura de la Constitucion politica de la Monarquia pronunció el Dr. D. José Maria de Miera Pacheco, primer capellan de la real capilla de Aranjuez, el 18 de octubre de 1812: segunda edicion",,,,,los puestos de papeles públicos
19/12/1812,José Maria de Miera Pacheco,,La primera Apologia de la Patria,,,,,los puestos de papeles públicos
26/12/1812,,,Historia filosofica de la sociedad humana,Un tomo,8.º marquilla,,,"librería de Salcedo, plazuela de S. Agustin"
26/03/1817,,,"Epidemiologia española ó historia cronológica de las pestes, contagios, epidemias y epizootias que han acaecido en España desde la venida de los Cartaginenses hasta el año de 1801, con noticia de algunas otras enfermedades de esta especie que han sufrido los españoles en otros reinos, y de los autores nacionales que han escrito sobre estas materias, así en la península como fuera de ella",,,rústica,20 rs.,"librería de Picardo, calle de la Carne núm. 186"
13/08/1818,,,La Lira de Apolo,,,,20 rvn. por cuaderno franco de porte,"librería de Picardo, calle de la Carne núm. 186"
15/01/1818,,,La Amelia ó desgraciados efectos de la extremada sensibilidad,un tomo,dozavo,,,"librería de Picardo, calle de la Carne núm. 186"
15/01/1818,,,Pablo y Virginia,un tomo,8.º,,,"librería de Picardo, calle de la Carne núm. 186"
15/01/1818,,,La Matilde,tres tomos,dozavo,,,"librería de Picardo, calle de la Carne núm. 186"
15/01/1818,,,Memorias para la historia de la guerra de la revolucion española,un tomo,8.º,,,"librería de Picardo, calle de la Carne núm. 186"
15/01/1818,,,Curso de taquigrafía ó arte de escribir tan pronto como se habla,,,,,"librería de Picardo, calle de la Carne núm. 186"
06/02/1818,,,Guia de Forasteros y de Comercio de esta Plaza,,,rústica,12 rs. en rústica,"librería de Picardo, calle de la Carne núm. 186, y de Pont, calle de San Francisco"
06/02/1818,,,Diario Mercantil de Cádiz,,,,"10 rs. por los dias de correo, y á 20 por todo el mes","despachos de Picardo, calle de la Carne; de Pont, calle de S. Francisco; y de Nuñez, plazuela del Correó, y de Carreño, calle Ancha"
18/06/1818,Augusto La-Fontaine,,"Biblioteca universal de novelas, cuentos é historias instructivas y agradables",Tomos 7 y 8,,rústica o pasta,"12 rs. en rústica y 15 rs. en pasta cada tomo, suscripciones á 10 rs. en rústica y 13 rs. en pasta para tomos sucesivos","libreria de Picardo, calle de la Carne"
02/06/1819,,,Diario Mercantil de Cadiz,,medio pliego diario y de uno en los días que sale el correo,,"10 rvn. por los dias de correo, y á 20 por todo el mes","librería de Picardo, calle de la Carne (Cádiz); en Madrid, en la de Marute, frente de la imprenta Real; en Sevilla, en la de Berard, calle de Génova; y en Málaga en la de Carrera"
03/11/1819,Real observatorio de la ciudad de S. Fernando,,"Calendario del año de 1820 para la ciudad y obispado de Cádiz, Islas Canarias y demás posesiones de S. M. en Africa",,dos pliegos,,real de vellon,"libreria de la viuda de Navarro junto á S. Agustin, y en la de Zaragoza frente á dicha Iglesia"
03/11/1819,Real observatorio de la ciudad de S. Fernando,,"Calendario del año de 1820 para la ciudad y obispado de Cádiz, Islas Canarias y demás posesiones de S. M. en Africa",,libro,,tres reales vellon,"libreria de la viuda de Navarro junto á S. Agustin, y en la de Zaragoza frente á dicha Iglesia"
28/10/1820,Clemente Peichler,,Recuerdos del infausto dia ro de Marzo,,para piano,,,"calle de S. Francisco, frente al café de Cosi, en el almacen de música é instrumentos de los Sres. Peichler"
28/10/1820,Clemente Peichler,,cancion patriótica,,para piano,,,"calle de S. Francisco, frente al café de Cosi, en el almacen de música é instrumentos de los Sres. Peichler"
20/02/1820,,,Biblioteca de Música Moderna,,,,En Madrid: 160 reales vellón por cada clase de 24 cuadernos (15 reales cada cuaderno); en las provincias: francos de porte 480 reales por cada clase (20 reales cada cuaderno). Al fin del año se dará gratis un cuaderno por cada clase suscrita,"librería de Picardo, calle de la Carne núm. 186"
06/04/1820,Francisco Martinez de la Rosa,,La que puede un empleo,,,,,"librería de Picardio, calle de la Carna"
12/05/1820,,,la Ley,,,,,"librería de D. Juan Lozano y Ayuso, calle de la Novena frente la comédita"
07/06/1820,,,EL CETRO. PAPEL PERIÓDICO CONSTITUCIONAL,,cuatro ó cinco pliegos de impresion cada número,,veinte reales cada bimestre (por dos meses ó cuatro números),"imprenta de Carreño, calle Ancha, Cádiz"
21/06/1820,,,Carta de un liberal al Illmo. Sr. obispo de Cádiz,,,,,"librerías de Carreño y de Picardo, y en los despachos de Font y Vazquez"
21/06/1820,,,Juegos de Vulcano y Prometo con la antorcha Constitucional,,,,,"librerías de Font y Closas, calle de S. Francisco; de Hortal y compañía, plazuela de S. Agustin; y de Pajares, calle Ancha"
21/06/1820,,,historia de la Revolucion Nacional,,,,,"librerías de Font y Closas, calle de S. Francisco; de Hortal y compañía, plazuela de S. Agustin; y de Pajares, calle Ancha"
11/01/1821,,,Sistema general de las aduanas de la monarquía española en ambos emisferios,un tomo,folio,rústica,150 rs. vn.,"librería de Zaragoza, plazuela de S. Agustin"
11/01/1821,,,Reglamento del resguardo de Hacienda,,,,9 rs. vn.,"librería de Zaragoza, plazuela de S. Agustin"
16/05/1821,,,"Guide aux droits civils et commerciaux des étrangers en Espagne, ou recueil chronologique des traités, pactes, conventions et autres actes royaux et des Cortes, émanés du Cabinet de Madrid, depuis le commencement du XVII siecle jusqu'à la fin du mois Octobre 1819",un tomo,8.°,,,"libreria de Hortal y compañia plazuela de S. Agustin, y en la de Roquero calle Ancha"
29/07/1821,Santiago Jonam i,,"De la prueba por jurados, ó sea consejo de hombres buenos",,,,,"gabinete de lectura, calle Ancha"
21/08/1821,Nicolas Uriz,,Llanto de la moribunda: Tiro ó lamentos sobre la ruina de Cádiz,,,,2 rs.,"en las imprentas de la Sincera Union, y de Fruhlin, en los puestos de papeles públicos"
21/08/1821,Pío VII,Tomás Rodriguez Baron,"Homilía de N.SS.P. Pio VII, siendo cardenal y obispo de Imola",,cuarto,,25 rs.,"imprenta Gaditana, calle de la Carne, número 21"
21/08/1821,,,Lamentos de la Constitucion política de la Monarquía española; diálogo entre ella y el filósofo imparcial,,octavo,,dos rs.,"imprenta Gaditana, calle de la Carne, número 21"
21/08/1821,,,Catecismo crítico dogmático sobre varios puntos de los escritos del furioso D. José Joaquín de Urrarrosa,,cuarto,,dos rs. y medio,"imprenta Gaditana, calle de la Carne, número 21"
13/09/1821,,,El Telegrafo mejicano: segunda época: número primero,,,,,"librería de Hortal y compañía, plazuela de S. Agustín"
06/10/1821,,,Anto:cha española,,16 páginas,,,"casa de D. Domingo Font y Closas; en donde se admiten suscripciones, y tambien se venden números sueltos"
08/03/1822,,,Derechos y deberes del Rey constitucional,,,,,"librerías de Hortal; Zaragoza y Carreño, y en los puestos de papeles públicos"
04/06/1822,Destutt-Tracy,Juan Justo Garcia,Elementos de ideologia del senador Destutt-Tracy,un tomo,8.º marquilla,en pasta,,"librería de Hortal y compañía; plazuela de S. Agustín, núm. 2"
04/06/1822,"Destutt, conde de Tracy",Juan Angel Caamaño,Gramática general comparada,un tomo,8.º marquilla,en pasta,,"librería de Hortal y compañía; plazuela de S. Agustín, núm. 2"
04/06/1822,Ana Radcliffe,Morellet y D. T. H. y D. M=S,El confesonario de los penitentes negros,dos tomos,8.º,en pasta,,"librería de Hortal y compañía; plazuela de S. Agustín, núm. 2"
18/07/1822,Francisco Brotons,,"Rafael del Riego, ó la España libre: historia de la gloriosa y feliz revolucion del año de 1820",un tomo,8.º,,10 rs.,"imprenta de la Sincera Union, en la de Picardo, plazuela de Oria, en las librerias de Hortal y Zaragoza y en los puestos de papeles publicos"
05/11/1822,Watel,,Derecho de gentes,tres tomos,8.º,pasta,,"librería de Hortal y compañía, plazuela de S. Agustín, núm. 261"
05/11/1822,Mabli,,Derechos y deberes del ciudadano,un tomo,8.º,pasta,,"librería de Hortal y compañía, plazuela de S. Agustín, núm. 261"
05/11/1822,Buriamaqui,,Derecho natural,un tomo,8.º,pasta,,"librería de Hortal y compañía, plazuela de S. Agustín, núm. 261"
20/12/1822,,,Cuadro histórico cronológico de los movimientos y principales acciones de los ejércitos beligerantes en la península durante la guerra de España contra Bonaparte,,,,"70 rvn, iluminado y acompañado de dos cuadernos","librería de Zaragoza, plazuela de S. Agustin"
20/12/1822,,,Almanák para el año de 1823,,,,un real de vellon,"librería de Zaragoza, plazuela de S. Agustin"
14/05/1823,Juan Antonio Llorente,,Juicio del retrato político de los papas,,,,,"imprenta y librería de Roquero, en el gabinete de lectura, y en los puestos del Sol, en el de Font y Closás, en el de Fuentes y en el de Lozano"
14/05/1823,,,Memoria leída á las Córtes el 24 de Abril del presente año por el secretario del despacho de Estado,,,,,"librería de Navarro, frente á S. Agustin"
22/12/1823,,,almanaque nautico para el año de 1826,,,,22 rs. vn.,"Deposito de Hidrografia, establecido en la casa titulada la Camorra"
22/12/1823,,,"carta numero primero del Mediterraneo, corregida y aumentada",,,,18 rs. vn.,"Deposito de Hidrografia, establecido en la casa titulada la Camorra"
07/11/1824,Antonio Francisco Casals,,Curso teórico de aritmética mercantil,,,,,"librería de Navarro, frente á S. Agustin"
07/11/1824,,,Seis meses en Londres,,,,,"librería de Navarro, frente á S. Agustin"
23/05/1824,,,Periodico de la Sociedad medico-quirurgica de Cadiz. Tomo 4.° número 3.º,,,,,"botica de D. Nicolas Maria Carmona, donde se admiten suscriciónes"
20/12/1825,,,Estudio de la anatomía de la cabeza del cuerpo humano,Dos cuadernos,folio marquilla,,,"Madrid en la librería de Escamilla; Sevilla en la de Hidalgo; Barcelona en la de Bergnes de Pfeferrer; en Valencia en la de Mompié; en la Coruña en la de Cardeza, y en Cadiz en la de Zaragoza"
08/04/1825,,,Anuario universal ó almanak enciclopedico y prontuario universal general de noticias para el año de 1825,un tomo,8.º,,,"plazuela de San Agustin, librería de Hortal y Compañía, núm. 201"
05/11/1826,,,Argumento de Semiramis,,,,4 rvn,despacho de boletines
10/05/1826,,,"Real Arancel General de entrada de frutos, géneros y efectos del estrangero para Gobierno de las Aduanas del Reyno",,,,,"librería de Navarro, frente á S. Agustin"
23/06/1826,Dionisio Aguado,,Escuela de Guitarra teorica y practica,un tomo,folio mayor,,130 ron.,"libreria de Zaragoza, plazuela de S. Agustin"
23/06/1826,Sturm,,Reflexiones sobre la naturaleza,seis tomos,dozavo de marca,,,"libreria de Hortal y Compañia, plazuela de S. Agustin"
15/07/1896,,,Argumento de Elisa y Claudio ó el amor protegido por la amistad,,,,4 rs.,despacho de boletines
15/07/1896,,,Epítome de la vida de Rossini acompañado de su retrato,,,,6 rs.,despacho de boletines
06/08/1826,,,Blanca y Fallero,,,,4 rs.,despacho de billetes
06/08/1826,,,Epítome de la vida de Rossini,,,,6 rs.,despacho de billetes
28/08/1826,una española,,Teodoro ó el huerfano agradecido: novela original,un tomo,,,8 rs.,"libreria de Navarro, frente á San Agustin"
19/01/1826,,,L'album militaire de Mr. Bériat,,,,,Mr. Tadieu officier d'administration à l'hôpital militaire de Cadis
19/01/1826,,,Reglamento general para las escuelas de latinidad y los colegios de humanidades,,4.º,,,"librería de Hortal y Compañía, plazuela de S. Agustin"
07/04/1826,Felix María Samaniego,,Fábulas en verso castellano para uso de las escuelas,un tomo,8.º,pergamino o pasta,"5 rvn. en pergamino, 6 en pasta",librería de Hortal y Compañía plazuela de Agustin núm. 201
07/04/1826,,,Partida Doble,,,,importe del 5.º cuaderno,
07/04/1826,Nuñez Taboada,,"diccionario francés español, y español y francés",,,,,imprenta de este diario
12/06/1827,,,manual del farmaceutico ó compendio elemental de farmacia,segundo tomo,,,,"libreria de Hortal ú Compañía, plazuela de S. Agustin núm. 201"
12/06/1827,Almeida,,Recreacion filosofica,segundo tomo,,,,"libreria de Navarro, plazuela de San Agustin"
31/01/1827,,,Argumento de la ópera Mahomet 2.º,,,,4 rvn.,despacho de boletines
07/04/1827,,,"Noticia circunstanciada de todas las fiestas y actos religiosos con que se solemniza la Semana Santa en la ciudad de Sevilla, con varias noticias artísticas para conocimiento de los forasteros",,,,un real de vellon,"libreria de Navarro, frente á S. Agustin"
07/04/1827,,,La muerte de Luis XVI,,8.º,,,"libreria de Hortal y Compañia, plazuela de S. Agustin"
26/11/1827,,,El argumento de El Cruzado en Egipto,,,,4 rvn.,despacho de billetes
26/11/1827,,,Epitome de la vida de Rossini,,,,,despacho de billetes
26/12/1827,,,El argumento de dicha ópera Tisbe ó la Irolina,,,,4 tvn.,despacho de billetes
23/01/1828,,,Argumento de la ópera Julieta y Romeo,,,,4 rvn.,despacho de billetes
07/03/1828,Rossini,,La flora de las óperas de Rossini reducidas para piano solo y á cuatro manos,,,,precios cómodos,"almacen de música del profesor D. G. Maya, calle Ancha, núm. 142"
07/03/1828,Rossini,,Nuevos métodos de solfeo compuestos por Rossini espresamente para enseñar el canto segun el gusto moderno,,,,precios cómodos,"almacen de música del profesor D. G. Maya, calle Ancha, núm. 142"
07/03/1828,Adam,,Métodos de Adam para el piano que sirve para la enseñanza en el conservatorio de Paris,,,,precios cómodos,"almacen de música del profesor D. G. Maya, calle Ancha, núm. 142"
07/03/1828,Rossini,,"Piezas escojidas de las óperas de Rossini arregladas por sabios profesores, para flauta y piano, dos violines y una flauta sola",,,,precios cómodos,"almacen de música del profesor D. G. Maya, calle Ancha, núm. 142"
07/03/1828,Rossini,,"El Coradino de Rossini arreglado en cuarteto para dos violines, alto y bajo ó flauta, violin alto y bajo, por Gambaro",,,,precios cómodos,"almacen de música del profesor D. G. Maya, calle Ancha, núm. 142"
07/03/1828,Rossini y otros modernos autores,,Obras para guitarra de Rossini y otros modernos autores,,,,precios cómodos,"almacen de música del profesor D. G. Maya, calle Ancha, núm. 142"
07/03/1828,Rossini,,"Óperas compuestas por Rossini para piano solo, con una vista al principio de cada ópera, representando la escena mas interesante de cada argumento",,,,precios cómodos,"almacen de música del profesor D. G. Maya, calle Ancha, núm. 142"
03/06/1828,Mariana y Minana,,"historia de España del Padre Mariana con la continuacion del Padre Minana, y la narracion de los sucesos principales desde el año de 1600 hasta el año de 1808",8 tomos,8.°,rústica,"20 rs. para Madrid, y 21 para las provincias en razon del porte","En Cadiz se suscribe en la librería de Zaragoza, plazuela de San Agustín"
08/08/1828,,,Paso del Fluviá por S.M. el Sr. D. Fernando VII en 24 de Marzo de 1814,,,,300 rs. cada juego,libreria de Zaragoza
08/08/1828,Mendoza,,Vida de la Virgen,un tomo,8.º,pasta o rústica,5 rvn. en pasta y 3 en rústica,"imprenta de Picardo, calle de D. Carlos, num. 69"
08/08/1828,,Collada,"Caton en Utica, tragedia inglesa",un cuaderno,,rústica,2½ rvn.,"imprenta de Picardo, calle de D. Carlos, num. 69"
08/08/1828,,,"Blanca é Isabela, novela traducida del francés",,,,3 rvn.,"imprenta de Picardo, calle de D. Carlos, num. 69"
08/08/1828,doctor Lopez,,Verdadera idea de un Príncipe formada de las leyes del reino que tienen virtud y derecho público,un tomo,4.º,pergamino,10 rvn.,"imprenta de Picardo, calle de D. Carlos, num. 69"
08/08/1828,,,"Avisos sobre el método de recetar, en que se contienen las reglas mas seguras para verificarlo con acierto",un tomo,4.º,holandesa,14 rvn.,"imprenta de Picardo, calle de D. Carlos, num. 69"
08/08/1828,,,El sitio de la Rochela,dos tomos,8.º,pasta o rústica,23 rvn. pasta y 16 rústica,"imprenta de Picardo, calle de D. Carlos, num. 69"
08/08/1828,,,Diccionario sagrado ó catalogo historico-alfabetico de las personas de que se hace mencion en los libros del Viejo y Nuevo Testamento,un tomo,4.º,rústica,8 rvn.,"imprenta de Picardo, calle de D. Carlos, num. 69"
08/08/1828,Lázaro Hortal,,"Instruccion sobre la obligacion de rezar el oficio divino, asi eclesiastica como religiosas &c.",un tomo,8.º,rústica,6 rvn.,"imprenta de Picardo, calle de D. Carlos, num. 69"
08/08/1828,José del Campo Laso,,Elogio de nada dedicado á nadie con un ponfucio,un cuaderno,8.º,rústica,1½ rvn.,"imprenta de Picardo, calle de D. Carlos, num. 69"
08/08/1828,,,"El cordonazo de S. Francisco, respuesta de un minorista",un cuaderno,8.º,rústica,1½ rvn.,"imprenta de Picardo, calle de D. Carlos, num. 69"
13/10/1823,Tomas Alfageme,,Dia practico de retiro á los corazones de Jesus y de Maria para todos los meses; con un metodo de vida para las almas devotas,un tomo,12.º,en pasta,8 ron.,"libreria de Zaragoza, plazuela de S. Agustin"
13/10/1823,Juan de Mariana,,"historia general de España del P. Juan de Mariana, á la cual se añade la continuacion del P. Miñana y la narracion de los sucesos principales desde el año de 1600 hasta el de 1808",,,,21 rs. tomo,libreria de Zaragoza
13/10/1823,Manuel Foy y Comes,,"Tratado de cambios patricio, comercial, nacional y estrangero",,,,,"libreria de Hortal y Compañia, plazuela de S. Agustin"
04/11/1828,Taveau,,"Consejos á los fumadores sobre la conservacion de los dientes, seguidos de una esposicion de varias esperiencias que comprueban la eficacia del clorureto de cal para la desinfeccion del aliento sea cual fuere la causa de la exhalacion fétida",un tomo,16.º,,,"libreria de Hortal y Compañia, plazuela de S. Agustin"
08/12/1828,,,"Instrucciones para los comandantes de partidas ó destacamentos. Cuaderno necesario á los oficiales, sargentos y cabos encargados de tales comisiones, en el que están prevenidos cuantos lances pueden ocurrir y el modo de salir de ellos con facilidad; acompañado de modelos de recibos, cargos y cuentas, justificaciones de revista, relaciones de plus &c.",,,rústica,3 rva.,"libreria de Horla!, plazuela de S. Agustin"
22/07/1829,Javier Bichat,Boisseau,"Tratado de anatomia patologica, último curso de Javier Bichat, con un manuscrito autografo de Beclrad con una noticia sobre la vida y los trabajos de Bichat por Boisseau",,,,,"libreria de Hortal y Compañía, plazuela de S. Agustin"
22/07/1829,,,"nuevo plan ignográfico de la ciudad de Valencia y parte de sus arrabales, con un pequeño mapa de sus cercanias",,,,,"libreria de Hortal y Compañía, plazuela de S. Agustin"
04/09/1829,Anquetil,,Compendio de Historia Universal,12 tom.,8.º,,,"libreria de Orlat y Compañía, plazuela de S. Agustin"
04/09/1829,A. J. L. Jourdan,Justo Aguero y Juan Guilberte Avile,Farmacopea universal,4 tom.,8.º,,,"libreria de Orlat y Compañía, plazuela de S. Agustin"
09/11/1789,,,Código de comercio,un tomo,,,,"libreria de Hortal y Compañía, plazuela de S. Agustin"
01/12/1829,Mr Anquetil,"traducido, reformado y aumentado","Compendio de Historia universal de Mr Anquetil, traducido, reformado y aumentado con varias notas instructivas; y la pintura historica de todas las naciones hasta nuestros dias",,,,,"librería de Hortal y Compañía, plazuela de S. Agustin"
01/12/1829,Juan Gottlieb Heineceo,,Recopilaciones del derecho civil,,,,,"librería de Hortal y Compañía, plazuela de S. Agustin"
01/12/1829,,,D. Papis de Bobadillas,,,,,"librería de Hortal y Compañía, plazuela de S. Agustin"
01/12/1829,Mr. Chansier,,Cuadros sinópticos de Zoonomia,,,,,"librería de Hortal y Compañía, plazuela de S. Agustin"
23/12/1829,Juan Eusebio Nieremberg,,Práctica del catecismo romano y doctrina cristiana,un tomo,4.º,,,imprenta Gaditana
14/01/1829,,,Tabla de lo útil para los escritorios,,,,4 reales,"imprenta Gaditana, calle de D. Carlos, y en las librerías de Hortal y Compañuela de S. Agustin, y de la viuda de Navarro, frente al Correo"
14/01/1829,,,Nuevo Ancián,,,,20 rs. por el trimestre,"imprenta Gaditana, calle de D. Carlos"
05/02/1829,,,Argumento de la ópera Elisa y Claudio,,,,4 rs.,despacho de billetes del Teatro Principal
27/02/1829,,,Diario mercantil,,medio pliego,,"20 rs. al mes, 57 por tres y 103 por medio año",libreria de Zaragoza en Cadiz
04/05/1829,,,Real decreto para el establecimiento y organizacion del cuerpo de carabineros de costas y fronteras,,,,,"libreria de Horta y Compañia, plazuela de S. Agustin"
18/06/1829,,,"Coleccion de los Reales Decretos y reglamentos, y de los acuerdos y disposiciones del Exmo. Ayuntamiento, y Real Tribunal del Consulado de esta ciudad, sobre la franquicia del puerto de Cadiz",,8.º,,,imprenta Gaditana
26/06/1829,,,Nuevo Añfion,,,,20 rs. por cada trimestre,"imprenta Gaditana, plazuela del Palillero"
13/02/1830,Estevan Ferrero,,D. Quijote en las bodas de Camacho (argumento de la ópera),,,,4 rvo.,despacho de boletines
29/03/1830,Real Consulado de Madrid,,"Guia mercantil de España, con los aranceles generales de entrada y salida, como asimismo el arancel, reglamento é instruccion para el comercio de America, aranceles generales vigentes en la isla de Cuba y Puerto Rico",un tomo,8.º,,,"libreria de Hortal y Compañia, plazuela de S. Agustin"
29/03/1830,,,Estado general de la Real Armada para el año de 1830,un tomo,8.º,,,"libreria de Hortal y Compañia, plazuela de S. Agustin"
29/03/1830,Manuel Nifo,,Lista de litigantes y pretendientes para el año de 1830,un tomo,12.º,,,"libreria de Hortal y Compañia, plazuela de S. Agustin"
29/03/1830,,,Diccionario geográfico universal,,,,,"libreria de Hortal y Compañia, plazuela de S. Agustin"
29/03/1830,,,Coleccion de las obras sobre la electricidad de los meteoros,,,,,"libreria de Hortal y Compañia, plazuela de S. Agustin"
20/04/1830,,,Diccionario Geográfico Universal,,,,,"librería de Hortal y Compañía, plazuela de S. Agustin"
20/04/1830,,,Colección de las obras sobre la Electricidad de los Meteoros,,,,,"librería de Hortal y Compañía, plazuela de S. Agustin"
20/04/1830,Mr. Anquetil,,Compendio de Historia Universal,,,,,"librería de Hortal y Compañía, plazuela de S. Agustin"
03/06/1830,Segur,Alberto Lista,historia universal,,,,,"libreria de Castillo, calle de S. Francisco"
25/06/1830,Mr. Le Sage,,Aventuras de Gil Blas de Santillana,45 tomos,8º prolongado,,,"libreria de Hortal y Compañía, plazuela de S. Agustin, núm. 201"
17/07/1830,Manuel José Quintana,,POESIAS selectas castellanas desde el tiempo de Juan de Mena hasta nuestros dias,cuatro tomos,8º,,,"libreria de Hortal y Compañía, plazuela de S. Agustin"
17/07/1830,madama Mallés de Beaulieu,,"EL ROBINSON de doce años, historia interesante de un grumete frances abandonado en una isla desierta",un tomo,8º,,,"libreria de Hortal y Compañía, plazuela de S. Agustin"
04/11/1830,,,coleccion de libros diferentes,,,,,
