"PDF","dia_periodico","autor","traductor","titulo","numero_de_tomos","formato","encuadernacion","precio","lugares_de_venta","pagina_pdf","pagina_periodico","transcripcion"
"2043169.pdf","15/03/1807","","","Memorias","","","","","Librería de Alonso, frente à las Gradas de San Felipe el Real",2,294,"Todas las vidas están escritas con amenidad, sencillez y gusto: de un poeta se pasa á un escritor profundo : no se nota en ellas ni la vil adulacion, ni la sátira mordaz: la gravedad y moderacion del autor son una prueba de su imparcialidad; y al leer su obra se nos recuerda aquella institucion del antiguo Egipto que traia á los ciudadanos al tribunal de la opinion, con la diferencia de que allí no comparecían sino despues de muertos; y que en estas Memorias se exerce sobre los vivos el útil poder de la censura. Véndense en la Librería de Alonso, frente à las Gradas de San Felipe el Real."
"2043169.pdf","15/03/1807","Manuel Ballesteros","","Exercicios de Religion, y Piedad, en que se consideran las siete palabras que habló pendiente de la Cruz y Nuestro Redentor Jesu-Christo en las tres horas antes de espirar","","","","","Librería de Carreño, calle Ancha frente á las Recogidas",3,295,"Exercicios de Religion, y Piedad, en que se consideran las siete palabras que habló pendiente de la Cruz y Nuestro Redentor Jesu-Christo en las tres horas antes de espirar, dispuestos por el M. R. P. Fr. Manuel Ballesteros del Orden de Minimos de San Francisco de Paula. Se hallarán en la Librería de Carreño, calle Ancha frente á las Recogidas."
"2043169.pdf","15/03/1807","","","Devotos exercicios para visitar los Sagrarios el Jueves y Viernes Santo","","","","","Librería de Carreño, calle Ancha frente á las Recogidas",3,295,"Devotos exercicios para visitar los Sagrarios el Jueves y Viernes Santo, en letra abultada para comodidad de los que los practican. Se hallarán en la Librería de Carreño, calle Ancha frente á las Recogidas."
"2043236.pdf","23/05/1807","J. de la Tyna","","Almanak del comercio de París, de los Departamentos y de las principales Plazas extrangeras, para el año de 1807","Un volúmen","8.°","rústica","8 francos","",1,569,"Almanak da commerce de Paris &c. Almanak del comercio de París, de los Departamentos y de las principales Plazas extrangeras, para el año de 1807. Por J. de la Tyna, individuo de la Sociedad de fomento de la industria francesa. Un volúmen en 8.°: su precio 8 francos á la rústica."
"2043236.pdf","23/05/1807","","","Almanak portátil de los comerciantes de París para el año de 1807","Un volúmen","24","","2 francos","París, en el Despacho del Diario de comercio",2,570,"Almanak portatif des commercans de Paris &c. Almanak portátil de los comerciantes de París para el año de 1807, que contiene los nombres y habitaciones de los banqueros, negociantes y demás clases que que exercen el comercio. Un volúmen en 24: su precio 2 francos. París, en el Despacho del Diario de comercio."
"2043236.pdf","23/05/1807","F. Gossiux","","Epocas principales de la historia","Un volúmen","8.°","","6 francos","París, en casa de Bertrand",2,570,"Epoques principales de l'histoire &c. Epocas principales de la historia: obra que ha de servir de explicacion á la Tabla Chronométrica, que indica el origen, progresos, duracion y caida de los imperios, por F. Gossiux, Profesor en el Licéo imperial: segunda edicion revista y aumentada. Un volúmen en 8.° con la Tabla Chronométrica iluminada en papel Holanda: su precio 6 francos. París, en casa de Bertrand."
"2044421.pdf","15/07/1808","","","Diario de Badajóz del Viérnes 8 de Julio","","","","","Imprenta de este Periódico",4,786,"En la Imprenta de este Periódico se hallarán de venta los papeles nuevos siguientes: Diario de Badajóz del Viérnes 8 de Julio"
"2044421.pdf","15/07/1808","","","Juramento que hacen los Alicantinos de defender á su Rey Fernando VII","","","","","Imprenta de este Periódico",4,786,"En la Imprenta de este Periódico se hallarán de venta los papeles nuevos siguientes: Juramento que hacen los Alicantinos de defender á su Rey Fernando VII"
"2044421.pdf","15/07/1808","","","Proclama publicada ultimamente en Zaragoza","","","","","Imprenta de este Periódico",4,786,"En la Imprenta de este Periódico se hallarán de venta los papeles nuevos siguientes: Proclama publicada ultimamente en Zaragoza"
"2044421.pdf","15/07/1808","","","El Verdadero Español","","","","","Imprenta de este Periódico",4,786,"En la Imprenta de este Periódico se hallarán de venta los papeles nuevos siguientes: El Verdadero Español"
"2044421.pdf","15/07/1808","","","Carta del Obispo de Orense","","","","","",4,786,"Se previene al público que desde el dia de mañana se dará reimpresa la Carta del Obispo de Orense"
"2044463.pdf","03/08/1808","","","Caricatura. España rompe las cadenas de la esclavitud en que gemía","","","","","Imprenta de este Periódico",4,862,"Papeles =Caricatura. España rompe las cadenas de la esclavitud en que gemía; se pinta esto en alegoría con una lámina fina, y en verso se hace la explicación. En la Imprenta de este Periódico se hallará de venta lo siguiente:"
"2044463.pdf","03/08/1808","","","Discurso; que es lo que mas importa à la España?","","","","","Imprenta de este Periódico",4,862,"=Discurso; que es lo que mas importa à la España? En la Imprenta de este Periódico se hallará de venta lo siguiente:"
"2044463.pdf","03/08/1808","","","Contestacion à dicho Discurso","","","","","Imprenta de este Periódico",4,862,"=Contestacion à dicho Discurso: En la Imprenta de este Periódico se hallará de venta lo siguiente:"
"2044491.pdf","22/08/1808","Pedro Pascasio Fernandez","","ALMACEN PATRIOTICO","tres quadernos al mes","octavo","","12 rs. los subscriptores residentes de esta Ciudad por dos meses, 13 rs. los de fuera de ella pero de la Provincia, 14 rs. los de las demás Provincias","Badajoz se subscribe en la calle de la Soledad núm. 17. En Madrid en la calle de Santiago núm. 42. En Cádiz en la Imprenta de este Periódico; Y en casa de D. Josef Francisco Reviria, Barrio de San Cárlos frente á la muralla núm. 166",3,939,"Di Pedro Pascasio Fernandez, uno de los Redactores de este Diario de Badajoz, considerando que no son peculiares á los estrechos limites de un Diario, sino órdenes del Gobierno, noticias, en tal qual composicion interesante y útil, trazó, tiempo ha, el plan de un periódico titulado «ALMACEN PATRIOTICO», el qual fuese una Coleccion de inventos energía contra el egoismo, la traicion, la avaricia, composiciones poéticas en celebridad de nuestras gloriosas victorias. Esta Suprema Junta, penetrada íntimamente de la utilidad de semejante obra, ha dado licencia para su impresion; y el autor ofrece al Público tres quadernos en octavo al mes. Cada quaderno nunca baxará de 32 páginas y y será de mejor papel y de letra mas menuda que la del Diario. Se abre la subscripcion por dos meses. Los subscriptores residentes de esta Ciudad pagarán 12 rs.; los de fuera de ella, pero de la Provincia 13; y los de las demás Provincias 14. Badajoz se subscribe en la calle de la Soledad núm. 17. En Madrid en la calle de Santiago núm. 42. En Cádiz en la Imprenta de este Periódico; Y en casa de D. Josef Francisco Reviria, Barrio de San Cárlos frente á la muralla núm. 166."
"2044491.pdf","22/08/1808","Juan Bautista Acuaza","","Xi Lo que son Franceses! Discurso declamatorio","","","","","Imprenta de este Periódico",4,938,"Xi Lo que son Franceses! Discurso declamatorio que patentiza la inconstancia de su carácter, deducido de los hechos de la revolucion y de los de la presente época; por Don Juan Bautista Acuaza. Se hallarán de cventa en la Imprenta de este Periódico."
"2044491.pdf","22/08/1808","Juan Bautista Acuaza","","Letrilla satirica la verdad de Extremadura","","","","","Imprenta de este Periódico",4,938,"Letrilla satirica la verdad de Extremadura; por Don Juan Bautista Acuaza. Se hallarán de cventa en la Imprenta de este Periódico."
"2044491.pdf","22/08/1808","Juan Bautista Acuaza","","Himno Nacional á la entrada de los Exércitos de las Provincias en Madrid","","","","","Imprenta de este Periódico",4,938,"Himno Nacional á la entrada de los Exércitos de las Provincias en Madrid; por Don Juan Bautista Acuaza. Se hallarán de cventa en la Imprenta de este Periódico."
"2044523.pdf","17/09/1808","","","La grandeza de España, a la lealtad del Excmo. Señor Conde de Altamira","","","","A real por pliego","la Oficina de este Periódico",3,745,"La grandeza de España, a la lealtad del Excmo. Señor Conde de Altamira; se hallarán en la Oficina de este Periódico. A real por pliego."
"2044523.pdf","17/09/1808","Josef Valdivia y Leg.vien","","Discurso que pronunció el Señor Don Josef Valdivia y Leg.vien, Corregidor de las Islas de Tenerife y la Palma, al abrirse el Cabildo general que se celebró en los dias 11 y 12 del mes de Julio del presente año","","","","A real por pliego","la Oficina de este Periódico",3,745,"Discurso que pronunció el Señor Don Josef Valdivia y Leg.vien, Corregidor de las Islas de Tenerife y la Palma, al abrirse el Cabildo general que se celebró en los dias 11 y 12 del mes de Julio del presente año; se hallarán en la Oficina de este Periódico. A real por pliego."
"2044523.pdf","17/09/1808","","","Profecia del Pirineo","","","","A real por pliego","la Oficina de este Periódico",3,745,"Profecia del Pirineo; se hallarán en la Oficina de este Periódico. A real por pliego."
"2044523.pdf","17/09/1808","","","La confianza religiosa","","","","A real por pliego","la Oficina de este Periódico",3,745,"La confianza religiosa; se hallarán en la Oficina de este Periódico. A real por pliego."
"2044523.pdf","17/09/1808","","","Soneto en honor del mérito y la justicia, al Excmo. Señor D. Josef Palafox","","","","A real por pliego","la Oficina de este Periódico",3,745,"Soneto en honor del mérito y la justicia, al Excmo. Señor D. Josef Palafox; se hallarán en la Oficina de este Periódico. A real por pliego."
"2044523.pdf","17/09/1808","","","El Pueblo de Madrid dando gracias a los valerosos Españoles que han destruido a los Franceses","","","","A real por pliego","la Oficina de este Periódico",3,745,"El Pueblo de Madrid dando gracias a los valerosos Españoles que han destruido a los Franceses; se hallarán en la Oficina de este Periódico. A real por pliego."
"2044571.pdf","25/10/1808","un Patriota Portugues","","Revolucion Francesa y Española, Origen y Progreso de las dos hasta la época presente","","","","","Oficina de este Periódico",3,899,"Lo está el siguiente papel en la Oficina de este Periódico titulado: Revolucion Francesa y Española, Origen y Progreso de las dos hasta la época presente. Por un Patriota Portugues."
"2051559.pdf","12/04/1808","","","Aviso y Bandos posteriores publicados en la Villa y Corte de Madrid el día 2 de Abril de 1808","","","","","prenta de este Periódico, plazuela de las Tablas",2,410,"Aviso y Bandos posteriores publicados en la Villa y Corte de Madrid el día 2 de Abril de 1808. Se hallará de venta en la losa prenta de este Periódico, plazuela de las Tablas."
"2044023.pdf","03/03/1809","","","Representacion de los Vocales de todos los Barrios de esta Ciudad en nombre de su Vecindario, en virtud de lo ocurrido en los días 22 y 23 de Febrero, y del Bando publicado en dicho dia 23","","","","","Oficina de este periódico",4,368,"Lo está la Representacion de los Vocales de todos los Barrios de esta Ciudad en nombre de su Vecindario, en virtud de lo ocurrido en los días 22 y 23 de Febrero, y del Bando publicado en dicho dia 23. Se hallará en la Oficina de este periódico."
"2044112.pdf","05/06/1809","","","Tratado definitivo de Paz, amistad y alianza entre S. M. el Rey de España y de las Indias Don Fernando VII, y en su Real nombre la Suprema Junta Central Gubernativa de los Reynos de España y de los de Indias; y S. M. el Rey del Reyno unido de la Gran-Bretaña é Irlanda","","","","","Oficina de este Periódico",4,726,"Tratado definitivo de Paz, amistad y alianza entre S. M. el Rey de España y de las Indias Don Fernando VII, y en su Real nombre la Suprema Junta Central Gubernativa de los Reynos de España y de los de Indias; y S. M. el Rey del Reyno unido de la Gran-Bretaña é Irlanda. Concluido y firmado en Londres en catorce de Enero de este año, con su traduccion al Castellano. Se hallará en la Oficina de este Periódico"
"2044112.pdf","05/06/1809","","","Soneto hecho en debido obsequio al cumple años de Jorge III, Rey de la Gran-Bretaña &c.","","","","","Oficina de este Periódico",4,726,"como tambien un Soneto hecho en debido obsequio al cumple años de Jorge III, Rey de la Gran-Bretaña &c. Se hallará en la Oficina de este Periódico"
"2046125.pdf","19/11/1809","Francisco de Layglesia y Darrac","","Cancion guerrera del soldado español en el campo de batalla","","","","","el despacho de esta oficina",4,4,"Cancion guerrera del soldado español en el campo de batalla, por D. Francisco de Layglesia y Darrac, cantada en la funcion, que se dió ayer en el teatro de esta ciudad en celebridad del recibimiento del Excmo. Sr. D. Francisco Xavier Venegas de Saavedra, por Gobernador de esta plaza. - Se hallará en el despacho de esta oficina con su música correspondiente para piano, guitarra ó flauta."
"2046136.pdf","30/11/1809","","","Aviso al Público de las Réglas, que se han de observar en el modo y esencia del Alistamiento en los Cuerpos de Voluntarios distinguidos de Cádiz","","","","","",4,4,"Venta. - Lo está el Aviso al Público de las Réglas, que se han de observar en el modo y esencia del Alistamiento en los Cuerpos de Voluntarios distinguidos de Cádiz."
"2046136.pdf","30/11/1809","","","Edicto para el aumente de los Batallones Voluntarios distinguidos de esta Plaza","","","","","oficina de este periódico",4,4,"El Edicto para el aumente de los Batallones Voluntarios distinguidos de esta Plaza. Se hallarán en la oficina de este periódico."
"2046136.pdf","30/11/1809","","","segundo quaderno del Plutarco","","","","","oficina de este periódico",4,4,"el segundo quaderno del Plutarco. Se hallarán en la oficina de este periódico."
"2046147.pdf","11/12/1809","","","Manifesto de la Junta Superior de Granada á los habitantes de su Provincia","","","","10 reales","libreria de D. Luis de Carreras, Málaga",1,"","Manifesto de la Junta Superior de Granada á los habitantes de su Provincia. Se vende en Málaga en la libreria de D. Luis de Carreras á 10 reales."
"2526936.pdf","04/07/1810","","","EL OBSERVADOR","","","","","calle Ancha n.º 133",4,4,"EL OBSERVADOR.— Periódico nuevo, cuyo primer número saldrá el viernes 6 del corriente. Se admiten suscripciones en el puesto de este periódico, calle Ancha n.º 133, en donde se hallará el prospecto."
"2527051.pdf","29/10/1810","J. A.","","Himno a las Cortes","","","","","imprenta de Don Manuel Carreño",4,4,"HIMNO A LAS CORTES. Por J. A. para fortepiano y guitarra. Se hallará en la imprenta de Don Manuel Carreño."
"2527085.pdf","04/12/1810","","","Relacion circunstanciada del sitio de Ciudad-Rodrigo","","","","","despacho de la Gazeta, plazuela del Palillero",4,4,"En el despacho de la Gazeta, plazuela del Palillero, se venden la Relacion circunstanciada del sitio de Ciudad-Rodrigo"
"2527085.pdf","04/12/1810","","","Constitucion de España forjada en Bayona","","","","","despacho de la Gazeta, plazuela del Palillero",4,4,"En el despacho de la Gazeta, plazuela del Palillero, se venden la Constitucion de España forjada en Bayona; puesta en canciones de música conocida"
"2527096.pdf","17/12/1810","Julian de Diego Martin Garcia-Taso de la Vega","","Tratado de las diferencias de calenturas, su conocimiento, causas y método curativo, que conmunmente se hallan en España y las que suelen acaecer en el exército, para que no se confundan con la voz de tabardillo, y se curen bajo de una misma regla, causando muchos perjuicios á la nación","","","","","librería de Cerezo, junto al café del Correo",4,4,"LIBRO -- Tratado de las diferencias de calenturas, su conocimiento, causas y método curativo, que conmunmente se hallan en España y las que suelen acaecer en el exército, para que no se confundan con la voz de tabardillo, y se curen bajo de una misma regla, causando muchos perjuicios á la nación. Por el doctor D. Julian de Diego Martin Garcia-Taso de la Vega. -- Se hallará en la librería de Cerezo, junto al café del Correo."
"2527096.pdf","17/12/1810","","","Don Juan Martin el Empecinado","","","","","librería de Cerezo, junto al café del Correo",4,4,"En la misma se vende la comedia nueva titulada Don Juan Martin el Empecinado."
"2525958.pdf","24/01/1811","","","El Telescopio político n.º 6","","","","","en Cádiz en el puesto del diario calle Ancha, y en la Isla en la tienda da Bonis calle real esquina á la de las Córtes",4,4,"AVISO. El Telescopio político n.º 6. Trata sobre el estado actual de las marinas de guerra y mercantil españolas, causas de su decadencia, y medios que deben adoptarse para su restablecimiento y prosperidad. Se hallará en Cádiz en el puesto del diario calle Ancha, y en la Isla en la tienda da Bonis calle real esquina á la de las Córtes."
"2525958.pdf","24/01/1811","","","Medios de salvar la Patria","","","","","en Cádiz calle de San Francisco tienda de Font y Closas; en el despacho del Conciso, calle de la Carne, y en la Isla de Leon en el despacho del Diario mercantil de Cádiz",4,4,"VENTA. El papel titulado Medios de salvar la Patria; se hallará en Cádiz calle de San Francisco tienda de Font y Closas; en el despacho del Conciso, calle de la Carne, y en la Isla de Leon en el despacho del Diario mercantil de Cádiz."
"2526025.pdf","03/04/1811","José Fernandez de Castro","","respuesta que dá D. José Fernandez de Castro, á la exposicion del marques de Sobremonte, virrei que fue de Buenos-Aires, inserta en este diario el 20 de febrero último, baxo la denominacion de artículo com unicado","","","","dos reales","puestos de este diario, en los del Conciso, y en la plazuela del Palillero",4,4,"Un quaderno intitulado: respuesta que dá D. José Fernandez de Castro, á la exposicion del marques de Sobremonte, virrei que fue de Buenos-Aires, inserta en este diario el 20 de febrero último, baxo la denominacion de artículo com unicado. Se vende en los puestos de este diario, en los del Conciso, y en la plazuela del Palillero á dos reales."
"2526025.pdf","03/04/1811","","","Opinion de un Aldeano, impresa antes de la invasion de los enemigos en la Andalucia y de la disolucion de la Central, sobre lo que convenia á la salvacion de la patria","","","","","puesto de este periódico y en el despacho del Conciso calle de la Carne",4,4,"Opinion de un Aldeano, impresa antes de la invasion de los enemigos en la Andalucia y de la disolucion de la Central, sobre lo que convenia á la salvacion de la patria. Se hallará en el puesto de este periódico y en el despacho del Conciso calle de la Carne."
"2532196.pdf","01/07/1811","","","Guia patriotica de España","","","rustica","26 rs. en rustica","librerías de Pajares, calle Ancha, de Castillo y de Font, en la de san Francisco de la viuda de Navarro plazuela de san Agustin, de Niel calle del Baluarte; y en la isla de Leon en la de Segovia. Por D. Nicolas Gomez de Requena, Impresor del Gobierno, por S. M., plazuela de las Tablas",4,4,"VENTA. Guia patriotica de España! La notoria escasez de prensas y operarios ha dilatado la publicacion de este trabajo, que aunque imperfecto por razon de las circunstancias en que se forma, es no obstante curioso y necesario por quanta abraza lo mas notable de las de forasteros, guerra, marina y hacienda; siendo la parte segunda de esta obra destinada únicamente á tratar de los establecimientos de continúa permanencia en Cadiz tanto con respeto á los ramos eclesiástico y civil quanto con relacion al militar y de comercio. Se vende á 26 rs. en rustica en las librerías de Pajares, calle Ancha, de Castillo y de Font, en la de san Francisco de la viuda de Navarro plazuela de san Agustin, de Niel calle del Baluarte; y en la isla de Leon en la de Segovia. Por D. Nicolas Gomez de Requena, Impresor del Gobierno, por S. M., plazuela de las Tablas."
"2532267.pdf","23/07/1811","","","Apologia de la Inquisicion: repuesta á las reflexiones que hacen contra ella el Semanario Patriótico, número 61 y el periódico titulado el Español, número 13 y breve aviso á los Señores Arzobispos, Obispos y Diputados en Córtes","","","","","Libreria de Navarro, junto á San Agustin",4,4,"VENTA. Apologia de la Inquisicion: repuesta á las reflexiones que hacen contra ella el Semanario Patriótico, número 61 y el periódico titulado el Español, número 13 y breve aviso á los Señores Arzobispos, Obispos y Diputados en Córtes. Se hallará en la Libreria de Navarro, junto á San Agustin."
"2532508.pdf","05/12/1811","J. y C.","","Los serviles del nuevo periódico","","comedia en un acto","","","los puestos de papeles públicos",4,"","ANUNCIO.—Los serviles del nuevo periódico: comedia en un acto, propia para representar en casa particular por hombres solos: su autor D. J. y C. Este drama ridiculiza con vivos colores al Censor general y comparsa en su proyecto ridiculo de oponerse á las reformas &c. Se hallará en los puestos de papeles públicos."
"2526647.pdf","28/07/1812","","","Contestacion del autor del diccionario crítico-burlesco á la primera calificacion de esta obra, expedida por la Junta Censoria de la provincia marítima de Cádiz","","quarto","","12 rs.","librería de Salcedo y puestos de papeles públicos",4,112,"Contestacion del autor del diccionario crítico-burlesco á la primera calificacion de esta obra, expedida por la Junta Censoria de la provincia marítima de Cádiz. Cuaderno en quarto, véndese á 12 rs. en la librería de Salcedo y puestos de papeles públicos."
"2526647.pdf","28/07/1812","","","Tratado sobre el órden y método que se necesita observar para la justa y legítima inversion de los caudales públicos en los exércitos; útil para las contadurías y tesorerías de campaña, comisarios de guerra y demas empleados en el ramo de hacienda de distribucion","","","","","imprenta real y demás puestos de papeles",4,112,"OTRO. Tratado sobre el órden y método que se necesita observar para la justa y legítima inversion de los caudales públicos en los exércitos; útil para las contadurías y tesorerías de campaña, comisarios de guerra y demas empleados en el ramo de hacienda de distribucion: se hallará en la imprenta real y demás puestos de papeles."
"2526779.pdf","19/12/1812","José Maria de Miera Pacheco","","Discurso que en la villa de Estepa y en su jura de la Constitucion politica de la Monarquia pronunció el Dr. D. José Maria de Miera Pacheco, primer capellan de la real capilla de Aranjuez, el 18 de octubre de 1812: segunda edicion","","","","","los puestos de papeles públicos",4,314,"Discurso que en la villa de Estepa y en su jura de la Constitucion politica de la Monarquia pronunció el Dr. D. José Maria de Miera Pacheco, primer capellan de la real capilla de Aranjuez, el 18 de octubre de 1812: segunda edicion. El publico, justo expectador del verdadero mérito, ha dado ya su dictamen sobre estos papeles interesantes, y el ansia con que los busca, hace su apologia. En ellos se ve la voz uniforme de la religion y la razon hablar á la par, y hermanadas de un modo admirable la sencillez y moderacion del evangelio, con los adornos y primores de la elocuencia. Seria de desear, que su digno autor tuviese muchos imitadores, y que solo subiesen á la Cátedra del Espíritu Santo los que estuviesen imbuidos de iguales ideas, gusto, ilustracion y patriotismo. Se hallan de venta en los puestos de papeles públicos."
"2526779.pdf","19/12/1812","José Maria de Miera Pacheco","","La primera Apologia de la Patria","","","","","los puestos de papeles públicos",4,314,"La primera Apologia de la Patria; discurso del mismo autor, pronunciado en la real capilla de Aranjuez, año 1805. El publico, justo expectador del verdadero mérito, ha dado ya su dictamen sobre estos papeles interesantes, y el ansia con que los busca, hace su apologia. En ellos se ve la voz uniforme de la religion y la razon hablar á la par, y hermanadas de un modo admirable la sencillez y moderacion del evangelio, con los adornos y primores de la elocuencia. Seria de desear, que su digno autor tuviese muchos imitadores, y que solo subiesen á la Cátedra del Espíritu Santo los que estuviesen imbuidos de iguales ideas, gusto, ilustracion y patriotismo. Se hallan de venta en los puestos de papeles públicos."
"2526784.pdf","26/12/1812","","","Historia filosofica de la sociedad humana","Un tomo","8.º marquilla","","","librería de Salcedo, plazuela de S. Agustin",4,342,"Historia filosofica de la sociedad humana, traducida del italiano al español, Un tomo en 8.º marquilla. Se hallará en la librería de Salcedo, plazuela de S. Agustin. Explícanse en dicha obrita los principios del derecho público mirados à la luz de la verdadera filosofía, y por tanto es muy útil y recomendable en el dia su lectura."
"2534705.pdf","26/03/1817","","","Epidemiologia española ó historia cronológica de las pestes, contagios, epidemias y epizootias que han acaecido en España desde la venida de los Cartaginenses hasta el año de 1801, con noticia de algunas otras enfermedades de esta especie que han sufrido los españoles en otros reinos, y de los autores nacionales que han escrito sobre estas materias, así en la península como fuera de ella","","","rústica","20 rs.","librería de Picardo, calle de la Carne núm. 186",4,4,"LIBROS=Epidemiologia española ó historia cronológica de las pestes, contagios, epidemias y epizootias que han acaecido en España desde la venida de los Cartaginenses hasta el año de 1801, con noticia de algunas otras enfermedades de esta especie que han sufrido los españoles en otros reinos, y de los autores nacionales que han escrito sobre estas materias, así en la península como fuera de ella.=Se hallará á 20 rs. en rústica en la librería de Picardo, calle de la Carne núm. 186."
"2528872.pdf","13/08/1818","","","La Lira de Apolo","","","","20 rvn. por cuaderno franco de porte","librería de Picardo, calle de la Carne núm. 186",4,4,"Ha llegado el noveno número, perteneciente al mes de Julio próximo pasado, del periódico filarmónico La Lira de Apolo. Los señores suscriptores se servirán pasar á recogerle y adelantar el importe del décimo á la librería de Picardo, calle de la Carne núm. 186, donde se admiten suscripciones á razon de 20 rvn. por cuaderno franco de porte."
"2532851.pdf","15/01/1818","","","La Amelia ó desgraciados efectos de la extremada sensibilidad","un tomo","dozavo","","","librería de Picardo, calle de la Carne núm. 186",4,"","La Amelia ó desgraciados efectos de la extremada sensibilidad, un tomo en dozavo; Se hallarán en la librería de Picardo, calle de la Carne núm. 186."
"2532851.pdf","15/01/1818","","","Pablo y Virginia","un tomo","8.º","","","librería de Picardo, calle de la Carne núm. 186",4,"","Pablo y Virginia, con seis láminas, un tomo en 8.º; Se hallarán en la librería de Picardo, calle de la Carne núm. 186."
"2532851.pdf","15/01/1818","","","La Matilde","tres tomos","dozavo","","","librería de Picardo, calle de la Carne núm. 186",4,"","La Matilde, tres tomos en dozavo; Se hallarán en la librería de Picardo, calle de la Carne núm. 186."
"2532851.pdf","15/01/1818","","","Memorias para la historia de la guerra de la revolucion española","un tomo","8.º","","","librería de Picardo, calle de la Carne núm. 186",4,"","Memorias para la historia de la guerra de la revolucion española, un tomo en 8.º; Se hallarán en la librería de Picardo, calle de la Carne núm. 186."
"2532851.pdf","15/01/1818","","","Curso de taquigrafía ó arte de escribir tan pronto como se habla","","","","","librería de Picardo, calle de la Carne núm. 186",4,"","Curso de taquigrafía ó arte de escribir tan pronto como se habla.—Se hallarán en la librería de Picardo, calle de la Carne núm. 186."
"2532907.pdf","06/02/1818","","","Guia de Forasteros y de Comercio de esta Plaza","","","rústica","12 rs. en rústica","librería de Picardo, calle de la Carne núm. 186, y de Pont, calle de San Francisco",8,8,"Se admiten suscripciones á la Guia de Forasteros y de Comercio de esta Plaza desde hoy hasta el dia 20 del corriente, en que probablemente estará concluida, á razon de 12 rs. en rústica en la librería de Picardo, calle de la Carne núm. 186, y de Pont, calle de San Francisco."
"2532907.pdf","06/02/1818","","","Diario Mercantil de Cádiz","","","","10 rs. por los dias de correo, y á 20 por todo el mes","despachos de Picardo, calle de la Carne; de Pont, calle de S. Francisco; y de Nuñez, plazuela del Correó, y de Carreño, calle Ancha",8,8,"Este Periódico consta de medio pliego diario y de uno en los dias que sale el correo, en los que se incluyen los precios, cambios y seguros de esta Plaza, y los buques que se hallan á la carga para los puertos de América y Europa. Se admiten suscripciones en los despachos de Picardo, calle de la Carne; de Pont, calle de S. Francisco; y de Nuñez, plazuela del Correó, y de Carreño, calle Ancha á razon de 10 rs. por los dias de correo, y á 20 por todo el mes."
"2533171.pdf","18/06/1818","Augusto La-Fontaine","","Biblioteca universal de novelas, cuentos é historias instructivas y agradables","Tomos 7 y 8","","rústica o pasta","12 rs. en rústica y 15 rs. en pasta cada tomo, suscripciones á 10 rs. en rústica y 13 rs. en pasta para tomos sucesivos","libreria de Picardo, calle de la Carne",8,8,"LIBROS.—Biblioteca universal de novelas, cuentos é historias instructivas y agradables. Tomos 7.° y 8.° contienen la Maria Menzikof y Fedor Dolgoruki, historia rusa sacada de la que escribió en aleman Augusto La-Fontaine. Hay pocas novelas que presenten una leccion moral mas importante, mayor interes, mas nobleza de sentimientos, mas grandeza de ánimo, caracteres mas heróicos, y mas bien sostenidos, mayor contraste, mas grande estrago; trastorno de fortunas, pasiones mas sublimes y fuertes, mayor fuerza de imaginacion y colorido mas vivo y natural. Se halla de venta con los anteriores en la libreria de Picardo, calle de la Carne á 12 rs. en rústica y 15 en pasta cada tomo, donde tambien se admiten suscripciones para los tomos sucesivos á 10 rs. en rústica y 13 en pasta."
"2525517.pdf","02/06/1819","","","Diario Mercantil de Cadiz","","medio pliego diario y de uno en los días que sale el correo","","10 rvn. por los dias de correo, y á 20 por todo el mes","librería de Picardo, calle de la Carne (Cádiz); en Madrid, en la de Marute, frente de la imprenta Real; en Sevilla, en la de Berard, calle de Génova; y en Málaga en la de Carrera",4,4,"Este Periódico consta de medio pliego diario y de uno en los días que sale el correo, en los que se incluyen los precios, cambios y seguros de esta Plaza, y los buques que se hallan á la carga para los puertos de America y Europa. Se admiten suscripciones en esta ciudad en la librería de Picardo, calle de la Carne; á razon de 10 rvn. por los dias de correo, y á 20 por todo el mes. A los mismos precios se admiten en Madrid, en la de Marute; frente de la imprenta Real; en Sevilla, en la de Berard; calle de Génova, y en Málaga en la de Carrera; siendo los portes de cuenta de los Señores suscritores."
"2531048.pdf","03/11/1819","Real observatorio de la ciudad de S. Fernando","","Calendario del año de 1820 para la ciudad y obispado de Cádiz, Islas Canarias y demás posesiones de S. M. en Africa","","dos pliegos","","real de vellon","libreria de la viuda de Navarro junto á S. Agustin, y en la de Zaragoza frente á dicha Iglesia",4,4,"Calendario del año de 1820 para la ciudad y obispado de Cádiz, Islas Canarias y demás posesiones de S. M. en Africa, compuesto por el Real observatorio de la ciudad de S. Fernando con privilegio exclusivo de S. M.=El rendido en dos pliegos á real de vellon. Se hallará en la libreria de la viuda de Navarro junto á S. Agustin, y en la de Zaragoza frente á dicha Iglesia."
"2531048.pdf","03/11/1819","Real observatorio de la ciudad de S. Fernando","","Calendario del año de 1820 para la ciudad y obispado de Cádiz, Islas Canarias y demás posesiones de S. M. en Africa","","libro","","tres reales vellon","libreria de la viuda de Navarro junto á S. Agustin, y en la de Zaragoza frente á dicha Iglesia",4,4,"Calendario del año de 1820 para la ciudad y obispado de Cádiz, Islas Canarias y demás posesiones de S. M. en Africa, compuesto por el Real observatorio de la ciudad de S. Fernando con privilegio exclusivo de S. M.=El libro que contiene ademas de los articulos generales y festividades, las horas verdaderas de salir y ponerse el sol en Cádiz, la hora que debe señalar el relox al ser medio dia verdadero, las horas de todas las mareas del año en bahia, y las mayores y menores mareas vivas, á tres reales vellon. Se hallará en la libreria de la viuda de Navarro junto á S. Agustin, y en la de Zaragoza frente á dicha Iglesia."
"2530572.pdf","28/10/1820","Clemente Peichler","","Recuerdos del infausto dia ro de Marzo","","para piano","","","calle de S. Francisco, frente al café de Cosi, en el almacen de música é instrumentos de los Sres. Peichler",4,4,"En la calle de S. Francisco, frente al café de Cosi, en el almacen de música é instrumentos de los Sres. Peichler se venden dos canciones nuevas arregladas para piano, y son: Recuerdos del infausto dia ro de Marzo, puestas en música por el profesor D. Clemente Peichler."
"2530572.pdf","28/10/1820","Clemente Peichler","","cancion patriótica","","para piano","","","calle de S. Francisco, frente al café de Cosi, en el almacen de música é instrumentos de los Sres. Peichler",4,4,"En la calle de S. Francisco, frente al café de Cosi, en el almacen de música é instrumentos de los Sres. Peichler se venden dos canciones nuevas arregladas para piano, y una cancion patriótica, puestas en música por el profesor D. Clemente Peichler."
"2533527.pdf","20/02/1820","","","Biblioteca de Música Moderna","","","","En Madrid: 160 reales vellón por cada clase de 24 cuadernos (15 reales cada cuaderno); en las provincias: francos de porte 480 reales por cada clase (20 reales cada cuaderno). Al fin del año se dará gratis un cuaderno por cada clase suscrita","librería de Picardo, calle de la Carne núm. 186",2,2,"MUSICA. Prospecto á la obra titulada: Biblioteca de Música Moderna, que se publicará en Milan por suscripcion, desde el dia 15 del mes de Enero hasta fines de Diciembre próximo. El deseo de proporcionar á los aficionados y profesores una coleccion completa de las mejores composiciones modernas de música vocal é instrumental, bajo de un método sencillo, uniforme y poco dispendioso, ha determinado á los editores á emprender la redaccion y publicacion de un periódico, bajo el título de Biblioteca de Música moderna. Y á fin de que los cantantes é instrumentistas obtengan un igual número de obras, han dividido dicho periódico en cuatro clases que son: 1.ª clase, piezas de canto á una ó mas voces, con acompañamiento de pianoforte: 2.ª clase, obras para pianoforte solo y con acompañamiento: 3.ª clase, obras para violin á solo, á duo y con acompañamiento: 4.ª clase, obras para flauta á solo, á duo y con acompañamiento. En la primera clase se publicarán las obras de los maestros Carafa, Mayer, Meyerbeer, Morlacela, Paer &c. &c. &c. En la segunda las de los maestros Asioli, Beethoven, Latour, Mozart, Negri, Pollini, Ries, Soliva &c. &c. &c. En la tercera las de los maestros Kreutzer, Krommer, Paganini, Rode, Boila, Sphor, Botti &c. &c. &c. En la cuarta las de los maestros Bertignier, Hugai, Vogel &c. &c. &c. Todas estas obras saldrán interpoladas en la parte de dificultades y ejecucion, de tal suerte, que tanto el jóven aficionado, como el muy versado en el arte hallarán amplia materia para ejercitarse, proporcionada al talento, capacidad y clase de estudio de cada uno. Ademas de dichas obras, y en atencion al alto grado de celebridad á que tan justamente ha llegado el nombre del Sr. Rossini, harán parte de esta coleccion las mejores piezas de sus composiciones teatrales, arregladas indiferentemente para las cuatro clases enunciadas, por los mas acreditados profesores de cada uno de aquellos; y finalmente para dar á esta empresa periódica toda la estension de que es susceptible, se publicarán tambien las mas selectas producciones de los teatros de Italia, y se pondrá en todas ellas, y en las demas que fuese posible, la numeracion destinada á fijar las diversas modificaciones de los movimientos ó aires, segun están detalladas en el metrónomo, últimamente inventado por el Sr. Maelzel, y adoptado ya en casi todos los establecimientos de música y teatros de Europa. Cada quince dias (desde el dia 15 del mes de Enero en adelante) saldrá á luz en Milan un cuaderno de cinco pliegos, ó veinte carillas de música impresa con todo esmero y correccion, para cada una de las cuatro clases; y se suscribe á ellas bajo las condiciones siguientes: 1.° Los suscriptores deberán obligarse á continuar todo el año, esto es, á recibir núm. 24 cuadernos por cada una de las clases á que se suscriban, sea una, dos ó mas. 2.° El precio de la suscripcion de cada una de dichas clases ó de los núm. 24 cuadernos de ellas puestos en Madrid, es de reales vellon 160, á razon de 15 reales cada cuaderno; y en las provincias francos de porte á 480, á razon de 20 reales cada cuaderno. 3.° Al fin del año se dará á cada suscriptor un cuaderno gratis por cada una de las clases á que se haya suscrito. 4.° Los suscriptores adelantarán el importe de un solo cuaderno, y pagarán las entregas cuando las reciban, quedando obligados á continuar la suscripcion hasta el cuaderno núm. 24 de cada clase. Se suscribe en la librería de Picardo, calle de la Carne núm. 186."
"2533629.pdf","06/04/1820","Francisco Martinez de la Rosa","","La que puede un empleo","","","","","librería de Picardio, calle de la Carna",4,4,"La que puede un empleo: comedia de D. Francisco Martinez de la Rosa. Se vende en la librería de Picardio, calle de la Carna."
"2533714.pdf","12/05/1820","","","la Ley","","","","","librería de D. Juan Lozano y Ayuso, calle de la Novena frente la comédita",6,6,"En la librería de D. Juan Lozano y Ayuso, calle de la Novena frente la comédita, pasarán á recoger la suscricion á la Ley, donde los hay de venta."
"2533763.pdf","07/06/1820","","","EL CETRO. PAPEL PERIÓDICO CONSTITUCIONAL","","cuatro ó cinco pliegos de impresion cada número","","veinte reales cada bimestre (por dos meses ó cuatro números)","imprenta de Carreño, calle Ancha, Cádiz",7,"","No estando seguros de llenar las medidas de todos en todo el plan propuesto no se admitirán suscripciones sino por dos meses ó cuatro números; y en concepto de que cada uno ha de constar de cuatro ó cinco pliegos de impresion se ha regulado á veinte reales cada bimestre: por ahora solo se recibirá la suscricion en Cádiz en la imprenta de Carreño, calle Ancha, donde se hallará de venta el primer número desde primero de Julio próximo, y su despacho hará ver si merece la pena de suscribirse en otras partes."
"2533782.pdf","21/06/1820","","","Carta de un liberal al Illmo. Sr. obispo de Cádiz","","","","","librerías de Carreño y de Picardo, y en los despachos de Font y Vazquez",4,4,"Carta de un liberal al Illmo. Sr. obispo de Cádiz. Se vende en las librerías de Carreño y de Picardo, y en los despachos de Font y Vazquez."
"2533782.pdf","21/06/1820","","","Juegos de Vulcano y Prometo con la antorcha Constitucional","","","","","librerías de Font y Closas, calle de S. Francisco; de Hortal y compañía, plazuela de S. Agustin; y de Pajares, calle Ancha",4,4,"Periódico de la ciudad de S. Fernando titulado Juegos de Vulcano y Prometo con la antorcha Constitucional. Esplica la nueva Constitucion política de España por elementos filosóficos, teológicos y de derecho público. Se despacha en esta plaza en las librerías de Font y Closas, calle de S. Francisco; de Hortal y compañía, plazuela de S. Agustin; y de Pajares, calle Ancha."
"2533782.pdf","21/06/1820","","","historia de la Revolucion Nacional","","","","","librerías de Font y Closas, calle de S. Francisco; de Hortal y compañía, plazuela de S. Agustin; y de Pajares, calle Ancha",4,4,"donde se admiten suscriptores á la historia de la Revolucion Nacional, que se está imprimiendo, publicada en el diario de 20 de Mayo último."
"2528404.pdf","11/01/1821","","","Sistema general de las aduanas de la monarquía española en ambos emisferios","un tomo","folio","rústica","150 rs. vn.","librería de Zaragoza, plazuela de S. Agustin",4,4,"El sábado 13 del presente se hallará de venta en la librería de Zaragoza, plazuela de S. Agustin, el sistema general de las aduanas de la monarquía española en ambos emisferios, aprobado por las Córtes ordinarias de 1820: un tomo en folio á la rústica, al que acompañarán los prontuarios geográficos al mismo sistema, los que se entregarán despues por no estar concluida su impresion, todo por el precio de 150 rs. vn."
"2528404.pdf","11/01/1821","","","Reglamento del resguardo de Hacienda","","","","9 rs. vn.","librería de Zaragoza, plazuela de S. Agustin",4,4,"El sábado 13 del presente se hallará de venta en la librería de Zaragoza, plazuela de S. Agustin [...] Igualmente el reglamento del resguardo de Hacienda á 9 rs. vn."
"2528520.pdf","16/05/1821","","","Guide aux droits civils et commerciaux des étrangers en Espagne, ou recueil chronologique des traités, pactes, conventions et autres actes royaux et des Cortes, émanés du Cabinet de Madrid, depuis le commencement du XVII siecle jusqu'à la fin du mois Octobre 1819","un tomo","8.°","","","libreria de Hortal y compañia plazuela de S. Agustin, y en la de Roquero calle Ancha",4,4,"Libros.—Guide aux droits civils et commerciaux des étrangers en Espagne, ou recueil chronologique des traités, pactes, conventions et autres actes royaux et des Cortes, émanés du Cabinet de Madrid, depuis le commencement du XVII siecle jusqu'à la fin du mois Octobre 1819: un tomo en 8.° de 32 hojas de impresion.= Esta obra se halla de venta en la libreria de Hortal y compañia plazuela de S. Agustin, y en la de Roquero calle Ancha."
"2538767.pdf","29/07/1821","Santiago Jonam i","","De la prueba por jurados, ó sea consejo de hombres buenos","","","","","gabinete de lectura, calle Ancha",4,4,"Libros.—De la prueba por jurados, ó sea consejo de hombres buenos; por D. Santiago Jonam i. Vèndese en el gabinete de lectura, calle Ancha"
"2538819.pdf","21/08/1821","Nicolas Uriz","","Llanto de la moribunda: Tiro ó lamentos sobre la ruina de Cádiz","","","","2 rs.","en las imprentas de la Sincera Union, y de Fruhlin, en los puestos de papeles públicos",6,6,"Llanto de la moribunda: Tiro ó lamentos sobre la ruina de Cádiz: por D. Nicolas Uriz, poema trágico, en que se presenta la antigua grandeza de Cádiz, y el estado de abatimiento, y las consecuencias funestas que producirá su caida. Se vende en las imprentas de la Sincera Union, y de Fruhlin, en los puestos de papeles públicos, á 2 rs."
"2538819.pdf","21/08/1821","Pío VII","Tomás Rodriguez Baron","Homilía de N.SS.P. Pio VII, siendo cardenal y obispo de Imola","","cuarto","","25 rs.","imprenta Gaditana, calle de la Carne, número 21",6,6,"Homilía de N.SS.P. Pio VII, siendo cardenal y obispo de Imola: traducida del italiano, con vista de la versión francesa del célebre M. Gregorie, obispo que fué de Blois: por D. Tomás Rodriguez Baron, un cuaderno en cuarto á r.25 rs. Se hallarán en la imprenta Gaditana, calle de la Carne, número 21."
"2538819.pdf","21/08/1821","","","Lamentos de la Constitucion política de la Monarquía española; diálogo entre ella y el filósofo imparcial","","octavo","","dos rs.","imprenta Gaditana, calle de la Carne, número 21",6,6,"Lamentos de la Constitucion política de la Monarquía española; diálogo entre ella y el filósofo imparcial: un cuaderno en octavo á dos rs. Se hallarán en la imprenta Gaditana, calle de la Carne, número 21."
"2538819.pdf","21/08/1821","","","Catecismo crítico dogmático sobre varios puntos de los escritos del furioso D. José Joaquín de Urrarrosa","","cuarto","","dos rs. y medio","imprenta Gaditana, calle de la Carne, número 21",6,6,"Catecismo crítico dogmático sobre varios puntos de los escritos del furioso D. José Joaquín de Urrarrosa: un cuaderno en cuarto á dos rs. y medio. Se hallarán en la imprenta Gaditana, calle de la Carne, número 21."
"2538842.pdf","13/09/1821","","","El Telegrafo mejicano: segunda época: número primero","","","","","librería de Hortal y compañía, plazuela de S. Agustín",4,4,"El Telegrafo mejicano: segunda época: número primero. Se hallará en la librería de Hortal y compañía, plazuela de S. Agustín."
"2538870.pdf","06/10/1821","","","Anto:cha española","","16 páginas","","","casa de D. Domingo Font y Closas; en donde se admiten suscripciones, y tambien se venden números sueltos",4,4,"Anto:cha española, Periódico que ha empezado á salir en Madrid el 28 de Setiembre, y seguirá los martes y viernes de cada semana: consta de 16 páginas del tamaño y letra del prospecto, que se halla en casa de D. Domingo Font y Closas; en donde se admiten suscripciones, y tambien se venden números sueltos."
"2528033.pdf","08/03/1822","","","Derechos y deberes del Rey constitucional","","","","","librerías de Hortal; Zaragoza y Carreño, y en los puestos de papeles públicos",6,6,"Derechos y deberes del Rey constitucional: se vende en las librerías de Hortal; Zaragoza y Carreño, y en los puestos de papeles públicos."
"2528121.pdf","04/06/1822","Destutt-Tracy","Juan Justo Garcia","Elementos de ideologia del senador Destutt-Tracy","un tomo","8.º marquilla","en pasta","","librería de Hortal y compañía; plazuela de S. Agustín, núm. 2",6,6,"Elementos de ideologia del senador Destutt-Tracy, formado por el presbítero D. Juan Justo Garcia: un tomo en 8.º marquilla en pasta. Se hallarán en la librería de Hortal y compañía; plazuela de S. Agustín, núm. 2."
"2528121.pdf","04/06/1822","Destutt, conde de Tracy","Juan Angel Caamaño","Gramática general comparada","un tomo","8.º marquilla","en pasta","","librería de Hortal y compañía; plazuela de S. Agustín, núm. 2",6,6,"Gramática general comparada por Mr. Destutt; conde de Tracy, par de Francia; traducida por Juan Angel Caamaño: un tomo en 8.º marquilla en pasta. Se hallarán en la librería de Hortal y compañía; plazuela de S. Agustín, núm. 2."
"2528121.pdf","04/06/1822","Ana Radcliffe","Morellet y D. T. H. y D. M=S","El confesonario de los penitentes negros","dos tomos","8.º","en pasta","","librería de Hortal y compañía; plazuela de S. Agustín, núm. 2",6,6,"El confesonario de los penitentes negros: escrito por Ana Radcliffe, traducida en francés por Morellet y en castellano por D. T. H. y D. M=S: dos tomos en 8.º en pasta. Se hallarán en la librería de Hortal y compañía; plazuela de S. Agustín, núm. 2."
"2530114.pdf","18/07/1822","Francisco Brotons","","Rafael del Riego, ó la España libre: historia de la gloriosa y feliz revolucion del año de 1820","un tomo","8.º","","10 rs.","imprenta de la Sincera Union, en la de Picardo, plazuela de Oria, en las librerias de Hortal y Zaragoza y en los puestos de papeles publicos",4,4,"Rafael del Riego, ó la España libre: historia de la gloriosa y feliz revolucion del año de 1820: por el ciudadano Francisco Brotons: un tomo en 8.º Se hallará á 10 rs. en la imprenta de la Sincera Union, en la de Picardo, plazuela de Oria, en las librerias de Hortal y Zaragoza y en los puestos de papeles publicos."
"2533964.pdf","05/11/1822","Watel","","Derecho de gentes","tres tomos","8.º","pasta","","librería de Hortal y compañía, plazuela de S. Agustín, núm. 261",6,6,"Watel: Derecho de gentes; nuevo edicion: 3 tomos en 8.º en pasta. Se hallarán en la librería de Hortal y compañía, plazuela de S. Agustín, núm. 261."
"2533964.pdf","05/11/1822","Mabli","","Derechos y deberes del ciudadano","un tomo","8.º","pasta","","librería de Hortal y compañía, plazuela de S. Agustín, núm. 261",6,6,"Mabli: Derechos y deberes del ciudadano un tomo en 8.º en pasta. Se hallarán en la librería de Hortal y compañía, plazuela de S. Agustín, núm. 261."
"2533964.pdf","05/11/1822","Buriamaqui","","Derecho natural","un tomo","8.º","pasta","","librería de Hortal y compañía, plazuela de S. Agustín, núm. 261",6,6,"Buriamaqui: Derecho natural: un tomo en 8.º en pasta. Se hallarán en la librería de Hortal y compañía, plazuela de S. Agustín, núm. 261."
"2534013.pdf","20/12/1822","","","Cuadro histórico cronológico de los movimientos y principales acciones de los ejércitos beligerantes en la península durante la guerra de España contra Bonaparte","","","","70 rvn, iluminado y acompañado de dos cuadernos","librería de Zaragoza, plazuela de S. Agustin",6,6,"Cuadro histórico cronológico de los movimientos y principales acciones de los ejércitos beligerantes en la península durante la guerra de España contra Bonaparte. Su precio 70 rvn, iluminado y acompañado de dos cuadernos, que contienen el uno la esplicacion y el otro 149 estados generales de la fuerza y organizacion de los espresados ejercitos. Se hallarán en la librería de Zaragoza, plazuela de S. Agustin"
"2534013.pdf","20/12/1822","","","Almanák para el año de 1823","","","","un real de vellon","librería de Zaragoza, plazuela de S. Agustin",6,6,"Almanák para el año de 1823. Su precio un real de vellon. Se hallarán en la librería de Zaragoza, plazuela de S. Agustin"
"2529642.pdf","14/05/1823","Juan Antonio Llorente","","Juicio del retrato político de los papas","","","","","imprenta y librería de Roquero, en el gabinete de lectura, y en los puestos del Sol, en el de Font y Closás, en el de Fuentes y en el de Lozano",4,4,"Juicio del retrato político de los papas, compuesto por el Dr. D. Juan Antonio Llorente, é impreso en Madrid en el año de 1823. Lo escribía en carta familiar un eclesiástico secular, natural y vecino de Cádiz.—Se halla de venta en la imprenta y librería de Roquero, en el gabinete de lectura, y en los puestos del Sol, en el de Font y Closás, en el de Fuentes y en el de Lozano."
"2529642.pdf","14/05/1823","","","Memoria leída á las Córtes el 24 de Abril del presente año por el secretario del despacho de Estado","","","","","librería de Navarro, frente á S. Agustin",4,4,"Memoria leída á las Córtes el 24 de Abril del presente año por el secretario del despacho de Estado.—Se hallará en la librería de Navarro, frente á S. Agustin."
"2531924.pdf","22/12/1823","","","almanaque nautico para el año de 1826","","","","22 rs. vn.","Deposito de Hidrografia, establecido en la casa titulada la Camorra",3,3,"El almanaque nautico para el año de 1826 se halla de venta en el Deposito de Hidrografia, establecido en la casa titulada la Camorra, al precio de 22 rs. vn."
"2531924.pdf","22/12/1823","","","carta numero primero del Mediterraneo, corregida y aumentada","","","","18 rs. vn.","Deposito de Hidrografia, establecido en la casa titulada la Camorra",4,4,"Asimismo la carta numero primero del Mediterraneo, corregida y aumentada, al precio de 18 rs. vn. Deposito de Hidrografia, establecido en la casa titulada la Camorra."
"2525310.pdf","07/11/1824","Antonio Francisco Casals","","Curso teórico de aritmética mercantil","","","","","librería de Navarro, frente á S. Agustin",4,"","Curso teórico de aritmética mercantil por D. Antonio Francisco Casals, obra interesante para los que quieran emprender la carrera del comercio como para los que se hallan en ella, por contener la explicación y demostración de cuantas cuestiones puedan proponerse, y el cálculo de las operaciones. Se hallarán en la librería de Navarro, frente á S. Agustin."
"2525310.pdf","07/11/1824","","","Seis meses en Londres","","","","","librería de Navarro, frente á S. Agustin",4,"","Seis meses en Londres, continuación de la obra anteriormente publicada: quince días en Londres. Se hallarán en la librería de Navarro, frente á S. Agustin."
"2528170.pdf","23/05/1824","","","Periodico de la Sociedad medico-quirurgica de Cadiz. Tomo 4.° número 3.º","","","","","botica de D. Nicolas Maria Carmona, donde se admiten suscriciónes",4,4,"Periodico de la Sociedad medico-quirurgica de Cadiz. Tomo 4.° número 3.º—Comprende una memoria sobre el no-contagio de la fiebre amarilla, la historia de una fiebre curada tratada por medio del arseniato de potasa, el extracto de las sesiones de este cuerpo en el mes de Febrero del presente año, y de las de la Academia medica practica de Barcelona en los meses de Noviembre y Diciembre del anterior, terminando con un anuncio biografico.—Se hallará de venta en la botica de D. Nicolas Maria Carmona, donde se admiten suscriciónes."
"2527523.pdf","20/12/1825","","","Estudio de la anatomía de la cabeza del cuerpo humano","Dos cuadernos","folio marquilla","","","Madrid en la librería de Escamilla; Sevilla en la de Hidalgo; Barcelona en la de Bergnes de Pfeferrer; en Valencia en la de Mompié; en la Coruña en la de Cardeza, y en Cadiz en la de Zaragoza",6,6,"Estudio de la anatomía de la cabeza del cuerpo humano. Dos cuadernos, folio marquilla con cuatro estampas del tamaño natural, grabadas á buril;iluminalas á mano y acompañadas del testo y e plicaciones correspondientes. La primera lámina representa las principales arterias de la parte esterior de la cabeza, cara y cuello. La segunda todas las venas de la cabeza, cara y cuello. La tercera mansfiesta una seccion vertical de la cabeza, por medio de la cual se perciben claramente los diferentes órganos contenidos en lo interior de la cabeza y cuello. La cuarta demuestra todos los nervios que cubren la cabeza, cara y cuello. Tanto los dibujos de estas anatomías, como las respectivas esplicaciones, se han tomido de los mas celebres anatómicos, Haller, Walter, Fife y Mokel.—Se hallan de venta en Madrid en la librería de Escamilla...; en Sevilla en la de Hidalgo; en Barcelona en la de Bergnes; en Pfeferrer; en Valencia en la de Mompié; en la Coruña en la de Cardeza, y en Cadiz en la de Zaragoza."
"2533207.pdf","08/04/1825","","","Anuario universal ó almanak enciclopedico y prontuario universal general de noticias para el año de 1825","un tomo","8.º","","","plazuela de San Agustin, librería de Hortal y Compañía, núm. 201",6,6,"Anuario universal ó almanak enciclopedico y prontuario universal general de noticias para el año de 1825: un tomo en 8.º—Se hallará en la plazuela de San Agustin, librería de Hortal y Compañía, núm. 201."
"2527603.pdf","05/11/1826","","","Argumento de Semiramis","","","","4 rvn","despacho de boletines",4,4,"El argumento de dicha ópera está de venta en el despacho de boletines á 4 rvn"
"2527720.pdf","10/05/1826","","","Real Arancel General de entrada de frutos, géneros y efectos del estrangero para Gobierno de las Aduanas del Reyno","","","","","librería de Navarro, frente á S. Agustin",4,4,"Real Arancel General de entrada de frutos, géneros y efectos del estrangero para Gobierno de las Aduanas del Reyno.—Se hallará en la librería de Navarro, frente á S. Agustin."
"2527766.pdf","23/06/1826","Dionisio Aguado","","Escuela de Guitarra teorica y practica","un tomo","folio mayor","","130 ron.","libreria de Zaragoza, plazuela de S. Agustin",6,6,"Escuela de Guitarra teorica y practica, puesta en lecciones por el célebre maestro D. Dionisio Aguado, con una estampa que representa el discipulo dando leccion: un tomo en folio mayor. Se hallará en la libreria de Zaragoza, plazuela de S. Agustin, á 130 ron."
"2527766.pdf","23/06/1826","Sturm","","Reflexiones sobre la naturaleza","seis tomos","dozavo de marca","","","libreria de Hortal y Compañia, plazuela de S. Agustin",6,6,"Reflexiones sobre la naturaleza, escritas en aleman por el célebre Sturm, y traducidas al castellano: cuarta edicion, en seis tomos en dozavo de marca; previniendo que los Sres. suscritores no abonarán interes alguno hasta no recibir toda la obra.—Se admiten sus criciones en la libreria de Hortal y Compañia, plazuela de S. Agustin."
"2527797.pdf","15/07/1896","","","Argumento de Elisa y Claudio ó el amor protegido por la amistad","","","","4 rs.","despacho de boletines",4,"","El argumento de dicha ópera se hallará de venta en el despacho de boletines á 4 rs."
"2527797.pdf","15/07/1896","","","Epítome de la vida de Rossini acompañado de su retrato","","","","6 rs.","despacho de boletines",4,"","igualmente el Epítome de la vida de Rossini acompañado de su retrato á 6 rs."
"2527819.pdf","06/08/1826","","","Blanca y Fallero","","","","4 rs.","despacho de billetes",4,4,"El argumento de dicha ópera está de venta en el despacho de billetes á 4 rs."
"2527819.pdf","06/08/1826","","","Epítome de la vida de Rossini","","","","6 rs.","despacho de billetes",4,4,"igualmente el Epítome de la vida de Rossini á 6 rs."
"2527841.pdf","28/08/1826","una española","","Teodoro ó el huerfano agradecido: novela original","un tomo","","","8 rs.","libreria de Navarro, frente á San Agustin",4,4,"Teodoro ó el huerfano agradecido: novela original en un tomo, escrita por una española. Esta obrita, donde está retratada la virtud con los colores mas interesantes, es la mejor leccion para una jóven que quiera conducirse en la sociedad con el debido acierto.—Se hallará en la libreria de Navarro, frente á San Agustin, á 8 rs."
"2534208.pdf","19/01/1826","","","L'album militaire de Mr. Bériat","","","","","Mr. Tadieu officier d'administration à l'hôpital militaire de Cadis",4,4,"M M les officiers de l'armée française qui desireraient souscrire á L'album militaire de Mr. Bériat Sous-Intendant militaire, peuvent s'adresser á Mr. Tadieu officier d'administration à l'hôpital militaire de Cadis, qui est chargé de recueillir les souscriptions pour cet ouvrage. Il donnera connaissance des conditions de la souscription."
"2534208.pdf","19/01/1826","","","Reglamento general para las escuelas de latinidad y los colegios de humanidades","","4.º","","","librería de Hortal y Compañía, plazuela de S. Agustin",4,4,"Reglamento general para las escuelas de latinidad y los colegios de humanidades: un cuaderno en 4.º Se hallará en la librería de Hortal y Compañía, plazuela de S. Agustin."
"2534465.pdf","07/04/1826","Felix María Samaniego","","Fábulas en verso castellano para uso de las escuelas","un tomo","8.º","pergamino o pasta","5 rvn. en pergamino, 6 en pasta","librería de Hortal y Compañía plazuela de Agustin núm. 201",6,6,"Fábulas en verso castellano para uso de las escuelas por D. Felix María Samaniego, un tomo 8.º pergamino á 5 rvn. y en pasta á 6: Se hallará en la librería de Hortal y Compañía plazuela de Agustin núm. 201."
"2534465.pdf","07/04/1826","","","Partida Doble","","","","importe del 5.º cuaderno","",6,6,"Los Sres. suscritores á la Partida Doble, se servirán recoger el 4.º cuaderno y satisfacer el importe del 5.º, último de la obra."
"2534465.pdf","07/04/1826","Nuñez Taboada","","diccionario francés español, y español y francés","","","","","imprenta de este diario",6,6,"El que quisiere vender un diccionario francés español, y español y francés de Nuñez Taboada, acudirá á la imprenta de este diario."
"2530679.pdf","12/06/1827","","","manual del farmaceutico ó compendio elemental de farmacia","segundo tomo","","","","libreria de Hortal ú Compañía, plazuela de S. Agustin núm. 201",6,6,"Los Sres. suscritores al manual del farmaceutico ó compendio elemental de farmacia se servirán pasar á recoger el segundo tomo de la obra, á la libreria de Hortal ú Compañía, plazuela de S. Agustin núm. 201, en donde se halla de venta."
"2530679.pdf","12/06/1827","Almeida","","Recreacion filosofica","segundo tomo","","","","libreria de Navarro, plazuela de San Agustin",6,6,"Los Sres. suscritores á la Recreacion filosofica del Padre Almeida acudirán á recoger el segundo tomo y adelantar el importe del tercero, en la libreria de Navarro, plazuela de San Agustin."
"2531460.pdf","31/01/1827","","","Argumento de la ópera Mahomet 2.º","","","","4 rvn.","despacho de boletines",4,"","El argumento de dicha ópera está de venta en el despacho de boletines á 4 rvn."
"2531618.pdf","07/04/1827","","","Noticia circunstanciada de todas las fiestas y actos religiosos con que se solemniza la Semana Santa en la ciudad de Sevilla, con varias noticias artísticas para conocimiento de los forasteros","","","","un real de vellon","libreria de Navarro, frente á S. Agustin",4,4,"Noticia circunstanciada de todas las fiestas y actos religiosos con que se solemniza la Semana Santa en la ciudad de Sevilla, con varias noticias artísticas para conocimiento de los forasteros=Se hallará en la libreria de Navarro, frente á S. Agustin, á real de vellon."
"2531618.pdf","07/04/1827","","","La muerte de Luis XVI","","8.º","","","libreria de Hortal y Compañia, plazuela de S. Agustin",4,4,"La muerte de Luis XVI; tragedia original: un cuaderno en 8.º=Se hallará en la libreria de Hortal y Compañia, plazuela de S. Agustin."
"2533634.pdf","26/11/1827","","","El argumento de El Cruzado en Egipto","","","","4 rvn.","despacho de billetes",4,4,"El argumento de dicha opera se hallará de venta en el despacho de billetes al precio de 4 rvn."
"2533634.pdf","26/11/1827","","","Epitome de la vida de Rossini","","","","","despacho de billetes",4,4,"En el mismo despacho se hallara de venta el Epitome de la vida de Rossini."
"2533722.pdf","26/12/1827","","","El argumento de dicha ópera Tisbe ó la Irolina","","","","4 tvn.","despacho de billetes",4,4,"El argumento de dicha ópera se hallará de venta en el despacho de billetes al precio de 4 tvn."
"2532766.pdf","23/01/1828","","","Argumento de la ópera Julieta y Romeo","","","","4 rvn.","despacho de billetes",4,4,"El argumento de dicha ópera se hallará de venta en el despacho de billetes al precio de 4 rvn."
"2532811.pdf","07/03/1828","Rossini","","La flora de las óperas de Rossini reducidas para piano solo y á cuatro manos","","","","precios cómodos","almacen de música del profesor D. G. Maya, calle Ancha, núm. 142",6,6,"La flora de las óperas de Rossini reducidas para piano solo y á cuatro manos, que sirve para la enseñanza en los conservatorios de Milan, Nápoles y. Bolonia. Todas las referidas obras se venden á precios cómodos. En el almacen de música del profesor D. G. Maya, calle Ancha, núm. 142."
"2532811.pdf","07/03/1828","Rossini","","Nuevos métodos de solfeo compuestos por Rossini espresamente para enseñar el canto segun el gusto moderno","","","","precios cómodos","almacen de música del profesor D. G. Maya, calle Ancha, núm. 142",6,6,"Nuevos métodos de solfeo compuestos por Rossini espresamente para enseñar el canto segun el gusto moderno, y sirve para el uso de los conservatorios de Francia é Italia, traducidos al castellano. Todas las referidas obras se venden á precios cómodos. En el almacen de música del profesor D. G. Maya, calle Ancha, núm. 142."
"2532811.pdf","07/03/1828","Adam","","Métodos de Adam para el piano que sirve para la enseñanza en el conservatorio de Paris","","","","precios cómodos","almacen de música del profesor D. G. Maya, calle Ancha, núm. 142",6,6,"Métodos de Adam para el piano que sirve para la enseñanza en el conservatorio de Paris, tambien en castellano. Todas las referidas obras se venden á precios cómodos. En el almacen de música del profesor D. G. Maya, calle Ancha, núm. 142."
"2532811.pdf","07/03/1828","Rossini","","Piezas escojidas de las óperas de Rossini arregladas por sabios profesores, para flauta y piano, dos violines y una flauta sola","","","","precios cómodos","almacen de música del profesor D. G. Maya, calle Ancha, núm. 142",6,6,"Piezas escojidas de las óperas de Rossini arregladas por sabios profesores, para flauta y piano, dos violines y una flauta sola. Todas las referidas obras se venden á precios cómodos. En el almacen de música del profesor D. G. Maya, calle Ancha, núm. 142."
"2532811.pdf","07/03/1828","Rossini","","El Coradino de Rossini arreglado en cuarteto para dos violines, alto y bajo ó flauta, violin alto y bajo, por Gambaro","","","","precios cómodos","almacen de música del profesor D. G. Maya, calle Ancha, núm. 142",6,6,"El Coradino de Rossini arreglado en cuarteto para dos violines, alto y bajo ó flauta, violin alto y bajo, por Gambaro, á peticion de varios Sres. filarmonicos de Cadiz, Sevilla, Jerez y Barcelona &c. Todas las referidas obras se venden á precios cómodos. En el almacen de música del profesor D. G. Maya, calle Ancha, núm. 142."
"2532811.pdf","07/03/1828","Rossini y otros modernos autores","","Obras para guitarra de Rossini y otros modernos autores","","","","precios cómodos","almacen de música del profesor D. G. Maya, calle Ancha, núm. 142",6,6,"Obras para guitarra de Rossini y otros modernos autores. Todas las referidas obras se venden á precios cómodos. En el almacen de música del profesor D. G. Maya, calle Ancha, núm. 142."
"2532811.pdf","07/03/1828","Rossini","","Óperas compuestas por Rossini para piano solo, con una vista al principio de cada ópera, representando la escena mas interesante de cada argumento","","","","precios cómodos","almacen de música del profesor D. G. Maya, calle Ancha, núm. 142",6,6,"Óperas compuestas por Rossini para piano solo, con una vista al principio de cada ópera, representando la escena mas interesante de cada argumento. Todas las referidas obras se venden á precios cómodos. En el almacen de música del profesor D. G. Maya, calle Ancha, núm. 142."
"2533126.pdf","03/06/1828","Mariana y Minana","","historia de España del Padre Mariana con la continuacion del Padre Minana, y la narracion de los sucesos principales desde el año de 1600 hasta el año de 1808","8 tomos","8.°","rústica","20 rs. para Madrid, y 21 para las provincias en razon del porte","En Cadiz se suscribe en la librería de Zaragoza, plazuela de San Agustín",7,7,"Suscricíon.=Acaba de publicarse en Madrid el prospecto de una nueva edicion de la historia de España del Padre Mariana con la continuacion del Padre Minana, y la narracion de los sucesos principales desde el año de 1600 hasta el año de 1808. En el nombre de Mariana está comprendido todo cuanto puede a decirse en elegio de esta obra. Al frente de esta nueva edicion se ha puesto un breve estracto de la vida del espresado Padre Mariana en que se da noticia de las ediciones antiguas y clásicas de su obra. Para la forma se ha elegido el 8.° comun por ser el mas facil y usual, y para una fundicion al intento: esta letra se considera la mas clara y análoga á los diferentes grados de vista. La obra constará de 8 tomos, que se entregarán sucesivamente uno cada mes, debiendo los suscritores anticipar siempre el importe de un tomo; cuyo precio será el de 20 rs. á la rústica para Madrid, y 21 para las provincias en razon del porte. Al fin del último tomo se imprimirá la lista de los suscritores. Esperan los editores que el público acogerá favorablemente una empresa necesaria por la escasez ó costo de las ediciones actuales del Mariana, gloriosa á nuestra literatura, útil para los estudiosos de nuestra historia, y capaz de escitar la atencion de los sábios estrangeros, cuya atencion llaman en el día nuestros autores clásicos. En Cadiz se suscribe en la librería de Zaragoza, plazuela de San Agustín."
"2534325.pdf","08/08/1828","","","Paso del Fluviá por S.M. el Sr. D. Fernando VII en 24 de Marzo de 1814","","","","300 rs. cada juego","libreria de Zaragoza",6,6,"Dos estampas litograficas que representan, la primera el paso del Fluviá por S.M. el Sr. D. Fernando VII, en 24 de Marzo de 1814 de vuelta de su cautiverio en Francia; y la segunda la salida de S.M. de la Catedral de Gerona en 25 de Marzo de 1814, despues de haber tributado en ella las debidas gracias al Altisimo por su feliz regreso á sus dominios.—Se hallarán de venta en la libreria de Zaragoza, á 300 rs. cada juego."
"2534325.pdf","08/08/1828","Mendoza","","Vida de la Virgen","un tomo","8.º","pasta o rústica","5 rvn. en pasta y 3 en rústica","imprenta de Picardo, calle de D. Carlos, num. 69",6,6,"Vida de la Virgen, escrita en verso por Mendoza, un tomo en 8.º, á 5 rvn. en pasta y 3 en rústica. En la imprenta de Picardo, calle de D. Carlos, num. 69, se hallan de venta."
"2534325.pdf","08/08/1828","","Collada","Caton en Utica, tragedia inglesa","un cuaderno","","rústica","2½ rvn.","imprenta de Picardo, calle de D. Carlos, num. 69",6,6,"Caton en Utica, tragedia inglesa traducida por Collada, un cuaderno rústica á 2½ rvn. En la imprenta de Picardo, calle de D. Carlos, num. 69, se hallan de venta."
"2534325.pdf","08/08/1828","","","Blanca é Isabela, novela traducida del francés","","","","3 rvn.","imprenta de Picardo, calle de D. Carlos, num. 69",6,6,"Blanca é Isabela, novela traducida del francés, con una estampa á 3 rvn. En la imprenta de Picardo, calle de D. Carlos, num. 69, se hallan de venta."
"2534325.pdf","08/08/1828","doctor Lopez","","Verdadera idea de un Príncipe formada de las leyes del reino que tienen virtud y derecho público","un tomo","4.º","pergamino","10 rvn.","imprenta de Picardo, calle de D. Carlos, num. 69",6,6,"Verdadera idea de un Príncipe formada de las leyes del reino que tienen virtud y derecho público, por el doctor Lopez, un tomo en 4.º, pergamino á 10 rvn. En la imprenta de Picardo, calle de D. Carlos, num. 69, se hallan de venta."
"2534325.pdf","08/08/1828","","","Avisos sobre el método de recetar, en que se contienen las reglas mas seguras para verificarlo con acierto","un tomo","4.º","holandesa","14 rvn.","imprenta de Picardo, calle de D. Carlos, num. 69",6,6,"Avisos sobre el método de recetar, en que se contienen las reglas mas seguras para verificarlo con acierto, un tomo en 4.º á la holandesa á 14 rvn. En la imprenta de Picardo, calle de D. Carlos, num. 69, se hallan de venta."
"2534325.pdf","08/08/1828","","","El sitio de la Rochela","dos tomos","8.º","pasta o rústica","23 rvn. pasta y 16 rústica","imprenta de Picardo, calle de D. Carlos, num. 69",6,6,"El sitio de la Rochela, dos tomos en 8.º á 23 rvn. pasta y 16 rústica. En la imprenta de Picardo, calle de D. Carlos, num. 69, se hallan de venta."
"2534325.pdf","08/08/1828","","","Diccionario sagrado ó catalogo historico-alfabetico de las personas de que se hace mencion en los libros del Viejo y Nuevo Testamento","un tomo","4.º","rústica","8 rvn.","imprenta de Picardo, calle de D. Carlos, num. 69",6,6,"Diccionario sagrado ó catalogo historico-alfabetico de las personas de que se hace mencion en los libros del Viejo y Nuevo Testamento, un tomo en 4.º rústica á 8 rvn. En la imprenta de Picardo, calle de D. Carlos, num. 69, se hallan de venta."
"2534325.pdf","08/08/1828","Lázaro Hortal","","Instruccion sobre la obligacion de rezar el oficio divino, asi eclesiastica como religiosas &c.","un tomo","8.º","rústica","6 rvn.","imprenta de Picardo, calle de D. Carlos, num. 69",6,6,"Instruccion sobre la obligacion de rezar el oficio divino, asi eclesiastica como religiosas &c. por Lázaro Hortal, un tomo en 8.º rústica á 6 rvn. En la imprenta de Picardo, calle de D. Carlos, num. 69, se hallan de venta."
"2534325.pdf","08/08/1828","José del Campo Laso","","Elogio de nada dedicado á nadie con un ponfucio","un cuaderno","8.º","rústica","1½ rvn.","imprenta de Picardo, calle de D. Carlos, num. 69",6,6,"Elogio de nada dedicado á nadie con un ponfucio por D. José del Campo Laso, un cuaderno en 8.º rústica á 1½ rvn. En la imprenta de Picardo, calle de D. Carlos, num. 69, se hallan de venta."
"2534325.pdf","08/08/1828","","","El cordonazo de S. Francisco, respuesta de un minorista","un cuaderno","8.º","rústica","1½ rvn.","imprenta de Picardo, calle de D. Carlos, num. 69",6,6,"El cordonazo de S. Francisco, respuesta de un minorista, un cuaderno en 8.º rústica á 1½ rvn. En la imprenta de Picardo, calle de D. Carlos, num. 69, se hallan de venta."
"2534416.pdf","13/10/1823","Tomas Alfageme","","Dia practico de retiro á los corazones de Jesus y de Maria para todos los meses; con un metodo de vida para las almas devotas","un tomo","12.º","en pasta","8 ron.","libreria de Zaragoza, plazuela de S. Agustin",4,4,"Dia practico de retiro á los corazones de Jesus y de Maria para todos los meses; con un metodo de vida para las almas devotas, compuesto por el Dr. D. Tomas Alfageme, doctoral de la Real capilla de la Encarnacion de Madrid: un tomo en 12.º en pasta á 8 ron. Se hallará en la libreria de Zaragoza, plazuela de S. Agustin."
"2534416.pdf","13/10/1823","Juan de Mariana","","historia general de España del P. Juan de Mariana, á la cual se añade la continuacion del P. Miñana y la narracion de los sucesos principales desde el año de 1600 hasta el de 1808","","","","21 rs. tomo","libreria de Zaragoza",4,4,"Los seses suscritores á la nueva edicion de la historia general de España del P. Juan de Mariana, á la cual se añade la continuacion del P. Miñana y la narracion de los sucesos principales desde el año de 1600 hasta el de 1808, pueden acudir á recoger el tercer tomo y adelantar el importe del 4.º á la libreria de Zaragoza, donde sigue abierta la suscripcion á 21 rs. tomo."
"2534416.pdf","13/10/1823","Manuel Foy y Comes","","Tratado de cambios patricio, comercial, nacional y estrangero","","","","","libreria de Hortal y Compañia, plazuela de S. Agustin",4,4,"Tratado de cambios patricio, comercial, nacional y estrangero; obra póstuma de D. Manuel Foy y Comes.—Se suscribe en la libreria de Hortal y Compañia, plazuela de S. Agustin."
"2534452.pdf","04/11/1828","Taveau","","Consejos á los fumadores sobre la conservacion de los dientes, seguidos de una esposicion de varias esperiencias que comprueban la eficacia del clorureto de cal para la desinfeccion del aliento sea cual fuere la causa de la exhalacion fétida","un tomo","16.º","","","libreria de Hortal y Compañia, plazuela de S. Agustin",6,6,"Consejos á los fumadores sobre la conservacion de los dientes, seguidos de una esposicion de varias esperiencias que comprueban la eficacia del clorureto de cal para la desinfeccion del aliento sea cual fuere la causa de la exhalacion fétida, por Taveau, cirujano dentista, en un tomo en 16.º=Se hallará en la libreria de Hortal y Compañia, plazuela de S. Agustin."
"2534503.pdf","08/12/1828","","","Instrucciones para los comandantes de partidas ó destacamentos. Cuaderno necesario á los oficiales, sargentos y cabos encargados de tales comisiones, en el que están prevenidos cuantos lances pueden ocurrir y el modo de salir de ellos con facilidad; acompañado de modelos de recibos, cargos y cuentas, justificaciones de revista, relaciones de plus &c.","","","rústica","3 rva.","libreria de Horla!, plazuela de S. Agustin",4,4,"Instrucciones para los comandantes de partidas ó destacamentos. Cuaderno necesario á los oficiales, sargentos y cabos encargados de tales comisiones, en el que están prevenidos cuantos lances pueden ocurrir y el modo de salir de ellos con facilidad; acompañado de modelos de recibos, cargos y cuentas, justificaciones de revista, relaciones de plus &c. Se vende en la libreria de Horla!, plazuela de S. Agustin, á 3 rva. con rústica."
"2530198.pdf","22/07/1829","Javier Bichat","Boisseau","Tratado de anatomia patologica, último curso de Javier Bichat, con un manuscrito autografo de Beclrad con una noticia sobre la vida y los trabajos de Bichat por Boisseau","","","","","libreria de Hortal y Compañía, plazuela de S. Agustin",4,4,"En la libreria de Hortal y Compañía, plazuela de S. Agustin, se suscribe al Tratado de anatomia patologica, último curso de Javier Bichat, con un manuscrito autografo de Beclrad con una noticia sobre la vida y los trabajos de Bichat por Boisseau, traducida al castellano y acompañará el retrato del autor"
"2530198.pdf","22/07/1829","","","nuevo plan ignográfico de la ciudad de Valencia y parte de sus arrabales, con un pequeño mapa de sus cercanias","","","","","libreria de Hortal y Compañía, plazuela de S. Agustin",4,4,"En la libreria de Hortal y Compañía, plazuela de S. Agustin, se suscribe al nuevo plan ignográfico de la ciudad de Valencia y parte de sus arrabales, con un pequeño mapa de sus cercanias"
"2530242.pdf","04/09/1829","Anquetil","","Compendio de Historia Universal","12 tom.","8.º","","","libreria de Orlat y Compañía, plazuela de S. Agustin",6,6,"Compendio de Historia Universal de Mr. Anquetil, traducido, mejorado y aumentado con varias notas instructivas, y la descripcion historica de las naciones hasta nuestros dias; 12 tom. 8.º"
"2530242.pdf","04/09/1829","A. J. L. Jourdan","Justo Aguero y Juan Guilberte Avile","Farmacopea universal","4 tom.","8.º","","","libreria de Orlat y Compañía, plazuela de S. Agustin",6,6,"Farmacopea universal por A. J. L. Jourdan, doctor en medicina y miembro de varias sociedades literarias, traducida al castellano por D. Justo Aguero, profesor de medicina establecido en Madrid, y D. Juan Guilberte Avile, médico de la Real inclusa y colegio de la Paz y del Hospital de convalescencia de Madrid; 4 tom. 8.º"
"2530308.pdf","09/11/1789","","","Código de comercio","un tomo","","","","libreria de Hortal y Compañía, plazuela de S. Agustin",3,3,"Código de comercio decretado, sancionado y promulgado en 30 de Mayo de 1829 de orden del Rey N. S.; en un tomo.—Se hallará en la libreria de Hortal y Compañía, plazuela de S. Agustin."
"2530330.pdf","01/12/1829","Mr Anquetil","traducido, reformado y aumentado","Compendio de Historia universal de Mr Anquetil, traducido, reformado y aumentado con varias notas instructivas; y la pintura historica de todas las naciones hasta nuestros dias","","","","","librería de Hortal y Compañía, plazuela de S. Agustin",6,6,"A la librería de Hortal y Compañía, plazuela de S. Agustin, se servirán pasar los Sres. suscritores al Compendio de Historia universal de Mr Anquetil, traducido, reformado y aumentado con varias notas instructivas; y la pintura historica de todas las naciones hasta nuestros dias, á recoger el tomo primero y abonar el segundo"
"2530330.pdf","01/12/1829","Juan Gottlieb Heineceo","","Recopilaciones del derecho civil","","","","","librería de Hortal y Compañía, plazuela de S. Agustin",6,6,"A la librería de Hortal y Compañía, plazuela de S. Agustin, se servirán pasar los Sres. suscritores á las Recopilaciones del derecho civil que escribió en latin Juan Gottlieb Heineceo, á recoger el tomo primero y abonar el segundo"
"2530330.pdf","01/12/1829","","","D. Papis de Bobadillas","","","","","librería de Hortal y Compañía, plazuela de S. Agustin",6,6,"A la librería de Hortal y Compañía, plazuela de S. Agustin, se servirán pasar los Sres. suscritores á la Obra titulada D. Papis de Bobadillas á recoger el tomo quinto y abonar el cesto"
"2530330.pdf","01/12/1829","Mr. Chansier","","Cuadros sinópticos de Zoonomia","","","","","librería de Hortal y Compañía, plazuela de S. Agustin",6,6,"A la librería de Hortal y Compañía, plazuela de S. Agustin, se servirán pasar los Sres. suscritores á los Cuadros sinópticos de Zoonomia, escrito en frances por Mr. Chansier, á recoger el cuaderno noveno y abonar el décimo"
"2530352.pdf","23/12/1829","Juan Eusebio Nieremberg","","Práctica del catecismo romano y doctrina cristiana","un tomo","4.º","","","imprenta Gaditana",4,4,"Práctica del catecismo romano y doctrina cristiana, sacada principalmente de los catecismos de Pio V. Y. Clemente VIII, por el P. Juan Eusebio Nieremberg de la compañía de Jesus, un tomo en 4.º—Se hallará de venta en la imprenta Gaditana."
"2531991.pdf","14/01/1829","","","Tabla de lo útil para los escritorios","","","","4 reales","imprenta Gaditana, calle de D. Carlos, y en las librerías de Hortal y Compañuela de S. Agustin, y de la viuda de Navarro, frente al Correo",4,4,"Tabla de lo útil para los escritorios, pues de una mirada se saben los dias del año y los de fiesta y misa. Se hallará á 4 reales. en la imprenta Gaditana, calle de D. Carlos, y en las librerías de Hortal y Compañuela de S. Agustin, y de la viuda de Navarro, frente al Correo."
"2531991.pdf","14/01/1829","","","Nuevo Ancián","","","","20 rs. por el trimestre","imprenta Gaditana, calle de D. Carlos",4,4,"Habiéndose terminado en 31 de Diciembre próximo pasado la suscripcion al primer trimestre del periódico de música para guitarra, que se publica en Madrid titulado Nuevo Ancián, se previene á los suscriptores pasen á la imprenta Gaditana, calle de D. Carlos, á renovar la suscripcion al segundo trimestre para no cesar en las remesas. La suscripcion se sigue admitiendo á razon de 20 rs. por el trimestre."
"2532104.pdf","05/02/1829","","","Argumento de la ópera Elisa y Claudio","","","","4 rs.","despacho de billetes del Teatro Principal",4,4,"TEATRO PRINCIPAL.= Elisa y Claudio (opera en 2 actos, música del maestro D. Saverin Mercadante). El argumento de dicha opera se halla de venta en el despacho de billetes á 4 rs."
"2532175.pdf","27/02/1829","","","Diario mercantil","","medio pliego","","20 rs. al mes, 57 por tres y 103 por medio año","libreria de Zaragoza en Cadiz",6,6,"La utilidad que resulta al comercio de un periódico que reúna y convine los elementos que puedan dirigirlo y fomentarlo presentándole unas nociones precisas y exactas de la industria nacional y extrangera, es tan evidente y generalmente conocida, que seria agraviar al publico el tratar de comentarla ó ampliarla. Con esta verdad en vista, y bajo el prospecto de un periodico que empezará á salir el día 1.º de Marzo en la ciudad de Malaga con el título de Diario mercantil. Su objeto es el que indica en el primer párrafo de su prospecto. Constará de medio pliego, y el importe de la suscricion que se recibe en Cadiz en la libreria de Zaragoza, es de 20 rs. al mes, 57 por tres y 103 por medio año."
"2532441.pdf","04/05/1829","","","Real decreto para el establecimiento y organizacion del cuerpo de carabineros de costas y fronteras","","","","","libreria de Horta y Compañia, plazuela de S. Agustin",4,4,"á la libreria de Horta y Compañia, plazuela de S. Agustin, donde tambien se vende el Real decreto para el establecimiento y organizacion del cuerpo de carabineros de costas y fronteras."
"2532548.pdf","18/06/1829","","","Coleccion de los Reales Decretos y reglamentos, y de los acuerdos y disposiciones del Exmo. Ayuntamiento, y Real Tribunal del Consulado de esta ciudad, sobre la franquicia del puerto de Cadiz","","8.º","","","imprenta Gaditana",4,4,"Desde mañana se venderá en la imprenta Gaditana un cuadernito en 8.º con la coleccion de los Reales Decretos y reglamentos, y de los acuerdos y disposiciones del Exmo. Ayuntamiento, y Real Tribunal del Consulado de esta ciudad, sobre la franquicia del puerto de Cadiz."
"2532556.pdf","26/06/1829","","","Nuevo Añfion","","","","20 rs. por cada trimestre","imprenta Gaditana, plazuela del Palillero",6,6,"Música.=Los suscritores al periodico de guitarra titulado el Nuevo Añfion pasarán á recoger el cuaderno num. 8, segundo del tercer trimestre, que contiene tema con variaciones sobre el motivo de una marcha del sitio de Corinto, del célebre maestro D. Fernando Rossini, y un tema nuevo con variaciones de D. Fernando Sor. Se suscribe á razon de 20 rs. por cada trimestre, en la imprenta Gaditana, plazuela del Palillero."
"2047283.pdf","13/02/1830","Estevan Ferrero","","D. Quijote en las bodas de Camacho (argumento de la ópera)","","","","4 rvo.","despacho de boletines",4,4,"El argumento de dicha ópera, en español é italiano, se halla de venta en el despacho de boletines á 4 rvo."
"2047347.pdf","29/03/1830","Real Consulado de Madrid","","Guia mercantil de España, con los aranceles generales de entrada y salida, como asimismo el arancel, reglamento é instruccion para el comercio de America, aranceles generales vigentes en la isla de Cuba y Puerto Rico","un tomo","8.º","","","libreria de Hortal y Compañia, plazuela de S. Agustin",4,4,"Guia mercantil de España, con los aranceles generales de entrada y salida, como asimismo el arancel, reglamento é instruccion para el comercio de America, aranceles generales vigentes en la isla de Cuba y Puerto Rico; publicada de órden del Rey N.S. el Real Consulado de Madrid, en un tomo 8.º marca: dichas obras se hallarán en la libreria de Hortal y Compañia, plazuela de S. Agustin"
"2047347.pdf","29/03/1830","","","Estado general de la Real Armada para el año de 1830","un tomo","8.º","","","libreria de Hortal y Compañia, plazuela de S. Agustin",4,4,"Estado general de la Real Armada para el año de 1830, en un tomo 8.º; dichas obras se hallarán en la libreria de Hortal y Compañia, plazuela de S. Agustin"
"2047347.pdf","29/03/1830","Manuel Nifo","","Lista de litigantes y pretendientes para el año de 1830","un tomo","12.º","","","libreria de Hortal y Compañia, plazuela de S. Agustin",4,4,"Lista de litigantes y pretendientes para el año de 1830, en un tomo 12.º por D. Manuel Nifo; dichas obras se hallarán en la libreria de Hortal y Compañia, plazuela de S. Agustin"
"2047347.pdf","29/03/1830","","","Diccionario geográfico universal","","","","","libreria de Hortal y Compañia, plazuela de S. Agustin",4,4,"donde podrán pasar los Sres. suscritores al Diccionario geográfico universal para recoger los cuadernos 2.º y 3.º abonar este y el 4.º en la libreria de Hortal y Compañia, plazuela de S. Agustin"
"2047347.pdf","29/03/1830","","","Coleccion de las obras sobre la electricidad de los meteoros","","","","","libreria de Hortal y Compañia, plazuela de S. Agustin",4,4,"los á la Coleccion de las obras sobre la electricidad de los meteoros, á recoger la primera entrega y abonar la segunda en la libreria de Hortal y Compañia, plazuela de S. Agustin"
"2047377.pdf","20/04/1830","","","Diccionario Geográfico Universal","","","","","librería de Hortal y Compañía, plazuela de S. Agustin",6,6,"A la librería de Hortal y Compañía, plazuela de S. Agustin, se podrán pasar los Sres. suscritores al Diccionario Geográfico Universal á recoger los cuadernos 2º y 3º abonar este y el 4º"
"2047377.pdf","20/04/1830","","","Colección de las obras sobre la Electricidad de los Meteoros","","","","","librería de Hortal y Compañía, plazuela de S. Agustin",6,6,"los á la coleccion de las obras sobre la Electricidad de los Meteoros á recoger la primera entrega y abonar la segunda"
"2047377.pdf","20/04/1830","Mr. Anquetil","","Compendio de Historia Universal","","","","","librería de Hortal y Compañía, plazuela de S. Agustin",6,6,"los á la del compendio de Historia Universal de Mr. Anquetil, traducido, reformado y aumentado con varias notas instructivas, y la pintura histórica de todas las naciones hasta nuestros dias, á recoger el tomo 2º y abonar el 3º"
"2047443.pdf","03/06/1830","Segur","Alberto Lista","historia universal","","","","","libreria de Castillo, calle de S. Francisco",4,4,"Los suscritores á la historia universal de Segur, traducida por D. Alberto Lista acudirán á recoger el primer tomo y adelantar el importe del segundo. Continua abierta la suscricion en la libreria de Castillo, calle de S. Francisco."
"2047474.pdf","25/06/1830","Mr. Le Sage","","Aventuras de Gil Blas de Santillana","45 tomos","8º prolongado","","","libreria de Hortal y Compañía, plazuela de S. Agustin, núm. 201",4,4,"Aventuras de Gil Blas de Santillana robadas á España y adoptadas en Francia por Mr. Le Sage, restituidas á su patria y á su lengua nativas por un español zeloso que no sufre se burlen de su nacion. Esta obra, cuyo mérito no es necesario ponderar, ha sido impresa varias veces, pero ninguna de las ediciones que han precedido á la presente ofrece las ventajas de esta, pudiendose llamar económicas por el último precio y buena ejecucion en la parte tipográfica, constará de 45 tomos en 8º prolongado. Se suscribe en la libreria de Hortal y Compañía, plazuela de S. Agustin, núm. 201."
"2051853.pdf","17/07/1830","Manuel José Quintana","","POESIAS selectas castellanas desde el tiempo de Juan de Mena hasta nuestros dias","cuatro tomos","8º","","","libreria de Hortal y Compañía, plazuela de S. Agustin",4,4,"En la libreria de Hortal y Compañía, plazuela de S. Agustin, se hallan las obras siguientes: POESIAS selectas castellanas desde el tiempo de Juan de Mena hasta nuestros dias, recogidas y ordenadas por D. Manuel José Quintana, nueva edicion aumentada y corregida, en cuatro tomos 8º"
"2051853.pdf","17/07/1830","madama Mallés de Beaulieu","","EL ROBINSON de doce años, historia interesante de un grumete frances abandonado en una isla desierta","un tomo","8º","","","libreria de Hortal y Compañía, plazuela de S. Agustin",4,4,"En la libreria de Hortal y Compañía, plazuela de S. Agustin, se hallan las obras siguientes: EL ROBINSON de doce años, historia interesante de un grumete frances abandonado en una isla desierta, por madama Mallés de Beaulieu, traducida en castellano de la octava edicion, publicada en Paris en 1828, un tomo 8º"
"2052064.pdf","04/11/1830","","","coleccion de libros diferentes","","","","","",8,8,"Hoy 4 á las 10½ se rematarán piezas, chales y fajas de capunilla; sarga negra arrasada; chalecos de piqué; brick; pelo de cabra y seda; zapatos; botas; camisas; encages; pantalones; chaquetas; medias de algodon y de seda; sombreros; pañuelos de seda y de coco; jabon de olor; paños; mantelerias; otra coleccion de libros diferentes á los anteriores; 4 medias pipas vino de estraccion; 2 cuarterolas de id. añejo; botellas vacias; tibores de china; cajones de cigarros de Manila, y otros efectos."
